Chapter	Question Code	Question	Question Choice	Answer 1	Answer 2	Answer 3	Answer 4	Answer 5	Answer 6	Correct Answer	Difficulty Level	Category	Sub Topics	Explanation	Page Number
Chapter 1	INST-3E-001	Which statement BEST DESCRIBES the primary focus of the EMS Agenda 2050 framework for future emergency medical services systems?	Single	"A people-centered approach emphasizing seven priorities including inherently safe, effective, integrated, sustainable, reliable, socially equitable, and adaptable systems"	"A technology-centered approach emphasizing advanced equipment, digital integration, mobile health applications, telemedicine capabilities, and electronic patient care reporting systems"	"A provider-centered approach emphasizing recruitment strategies, competitive compensation, continuing education requirements, certification standards, and workforce retention programs"	"A community-centered approach emphasizing public education campaigns, bystander CPR training, automated external defibrillator placement, emergency preparedness, and disaster response coordination"			A	2	Introduction	Attributes of Effective Educators > EMS Agenda 2050	"The EMS Agenda 2050 establishes a people-centered vision built on seven interconnected priorities that ensure EMS systems serve patients and communities effectively while supporting practitioners. The technology-centered approach represents a common misconception, as technology serves as a tool rather than the primary focus, though it would be appropriate when discussing specific implementation strategies for modernizing service delivery. The provider-centered approach addresses important workforce issues that support system sustainability, but would be more appropriate when specifically discussing the 'sustainable' priority's human resource components. The community-centered approach describes valuable public health initiatives that relate to the 'integrated' and 'socially equitable' priorities, but would be better applied when examining community engagement strategies within the broader people-centered framework."	"Foundations of Education, page 35"
Chapter 1	INST-3E-002	Which approach BEST represents the process of developing an authentic teaching philosophy?	Single	Analyzing both positive and negative aspects of each experience to identify personal beliefs about what matters most in teaching	Selecting the single most effective teaching approach observed and consistently applying those same methods in all instructional settings	Reviewing current educational research literature to identify the most evidence-based instructional strategies recommended by experts	Examining the institution's curriculum standards and aligning personal beliefs to match the program's established educational objectives			A	4	Introduction	Attributes of Effective Educators > Developing a Teaching Philosophy	"Developing an authentic teaching philosophy requires reflecting on both positive and negative learning experiences to determine personalized beliefs about what is most important in education. Option B incorrectly assumes that one observed approach represents a complete philosophy, when philosophy development requires synthesizing multiple experiences rather than copying a single model. Option C confuses instructional methods selection with philosophy development; while research informs practice, a teaching philosophy emerges from personal reflection on experiences rather than literature review alone. Option D reverses the appropriate relationship; while institutional objectives guide curriculum, a teaching philosophy represents the educator's core personal beliefs that should inform rather than be dictated by external standards."	"Foundations of Education, page 37"
Chapter 1	INST-3E-027	Which statement BEST DESCRIBES continuing professional development?	Single	"Continuing professional development includes self-directed learning, formal professional development, and organizational development."	Professional development is only necessary for new educators.	Formal professional development is the only valid form of professional growth.	Continuing professional development focuses solely on technical skill improvement.			A	2	Introduction	Attributes of Effective Educators > Continuing Professional Development	"Continuing professional development includes self-directed learning, formal professional development, and organizational development, offering a holistic approach to growth. 'Professional development is only necessary for new educators' is inaccurate, as ongoing development is essential for all educators. 'Formal professional development is the only valid form of professional growth' overlooks the importance of self-directed learning and organizational development. 'Continuing professional development focuses solely on technical skill improvement' is misleading, as it also encompasses personal and professional skills."	"Foundations of Education, page 45"
Chapter 4	INST-3E-128	"An EMS instructor has just completed a high-fidelity cardiac arrest simulation with paramedic students. Several students appear frustrated after making errors during the scenario, and one student comments that the experience was 'a waste of time.' What should the instructor do to ensure meaningful experiential learning occurs?"	Single	"Facilitate a structured debriefing that acknowledges emotional responses, guides multi-perspective reflection on the experience, helps students derive clinical concepts, and discusses application to future patient encounters."	Immediately repeat the simulation with the same students using identical parameters so they can demonstrate improved performance and build confidence through successful task completion on the second attempt.	Document the students' psychomotor skill deficiencies observed during the simulation and schedule additional practice sessions focused on technical skill refinement before attempting another full scenario.	"Provide positive reinforcement about aspects the students performed well, then transition to the next scheduled topic to maintain curriculum pacing and prevent dwelling on negative emotions."			A	3	Learning Styles	Principles of Adult Learning > Practical Application of the Theory > Experiential Learning	"The correct answer applies all four phases of the experiential learning cycle: acknowledging emotions (negative emotions must be recognized), facilitating reflection from multiple perspectives, helping students develop abstract concepts, and connecting to future application. This transforms the concrete experience into deep learning. Immediately repeating the simulation would be appropriate when students need deliberate practice on isolated skills, but it bypasses the critical reflection and conceptualization phases necessary for experiential learning. Documenting deficiencies and scheduling skill practice would be suitable for psychomotor remediation plans, but focuses only on technical performance without leveraging the rich learning potential of the complete experience. Providing positive reinforcement and moving forward might be appropriate for time-constrained situations requiring surface-level coverage, but it treats the simulation as merely 'doing' without the reflection and analysis that distinguish true experiential learning from simple activity completion."	"Foundations of Education, page 116"
Chapter 4	INST-3E-151	Which statement BEST DESCRIBES self-directed learning?	Single	"Self-directed learning involves learners taking initiative in diagnosing their learning needs, identifying resources, implementing strategies, and evaluating their own learning outcomes."	"Self-directed learning means that learners engage in educational activities completely without any guidance, structure, or support from instructors or educational institutions."	All adults are naturally self-directed learners who inherently possess the ability and motivation to manage their own learning without needing to develop these skills.	Self-directed learning focuses primarily on autonomous learning activities where learners work independently without seeking or receiving any external feedback or instructor input.			A	2	Learning Styles	Principles of Adult Learning > Selected Learning Theories > Self-Directed Learning	"Self-directed learning involves learners taking initiative in diagnosing their learning needs and evaluating outcomes, which empowers them to tailor their educational experience. 'Self-directed learning means learning without any guidance or structure' is not the most effective approach unless learners are highly experienced and self-motivated, which is not always the case. 'All adults are naturally self-directed learners' would be appropriate if all learners had the same level of maturity and motivation, but this varies widely. 'Focus on autonomous learning without any external feedback' addresses the independence aspect, but feedback is crucial for assessing progress and making adjustments."	"Foundations of Education, page 109"
Chapter 10	INST-3E-347	An EMS instructor is developing a simulation-based lesson plan for managing cardiac arrest in a crowded shopping mall. The instructor has written the scenario objectives and selected the mannequin and equipment. What critical component should the instructor develop next to ensure the simulation achieves its educational goals?	Single	"A detailed debriefing plan with specific questions addressing decision-making, teamwork, communication priorities, and clinical judgment demonstrated during the scenario"	A skills checklist adapted from the practical examination format to document each psychomotor skill performed correctly during the simulation experience	A case-based discussion guide with questions about pathophysiology and treatment protocols that students can review after watching the scenario	A comprehensive list of all possible medications and interventions students might use so the instructor can have supplies ready for any decision			A	3	Lesson Plans	Specialized Lesson Plans > Simulation	"Simulation lesson plans require pre-planned debriefing topics or questions as an essential component because debriefing is where most learning occurs and cannot be effectively improvised. Skills checklists are appropriate for psychomotor skills labs where individual skill performance is the focus, but simulations emphasize integrated performance and team dynamics rather than isolated skill documentation. Case-based discussion guides work well for classroom analysis of written scenarios, but simulations require debriefing that addresses the actual performance, emotions, and decisions made during the hands-on experience. Creating an exhaustive supply list for every possible student decision is impractical and unnecessary; simulation lesson plans should specify the equipment and conditions for the scenario setup, not attempt to anticipate every theoretical intervention."	"Foundations of Education, page 213"
Chapter 10	INST-3E-355	How should an instructor effectively use a summary session in their lesson plan?	Single	The summary session provides closure by tying together the lesson's key points.	Summaries are optional and can be skipped.	Repeating the motivational activity is unnecessary.	Lesson closure techniques are less important than initial engagement.			A	2	Lesson Plans	Lesson Plans > Body of the Lesson Plan > Summary Session	"The summary session provides closure by tying together the lesson's key points, which helps reinforce learning and ensure understanding. Believing 'summaries are optional and can be skipped' misses their role in consolidating knowledge. Thinking 'repeating the motivational activity is unnecessary' overlooks the value of re-engagement strategies. 'Lesson closure techniques are less important than initial engagement' fails to recognize the significance of both starting and concluding lessons effectively."	"Foundations of Education, page 211"
Chapter 12	INST-3E-419	Which statement BEST DESCRIBES the psychomotor skill level typically demonstrated by an experienced paramedic who simultaneously performs endotracheal intubation while directing team members and interpreting cardiac rhythms?	Single	"Naturalization, where extensive experience enables flawless multitasking performance without conscious attention to individual skill components, representing the highest level of psychomotor mastery."	"Articulation, where the provider has learned to coordinate multiple distinct skills together and can perform them in sequence during complex patient care scenarios."	"Automaticity, where the provider has achieved sufficient practice repetitions to perform the skill correctly and is ready to advance to more complex applications."	"Advanced competence, where the provider demonstrates consistent skill performance meeting certification standards and can successfully complete psychomotor evaluations under testing conditions."			A	2	Teaching Thinking Skills	Teaching in All Domains > Articulation > Naturalization	"Naturalization is the correct answer because it represents the highest psychomotor domain level where performance becomes effortless 'muscle memory,' allowing providers to multitask effectively while performing complex manual skills. Articulation involves coordinating multiple skills but still requires conscious attention to performance, making it appropriate for intermediate learners who are combining previously mastered individual skills. Automaticity describes skill consistency but does not encompass the effortless multitasking characteristic of naturalization, representing an earlier developmental stage appropriate for students who have practiced sufficiently to perform reliably. Advanced competence and expert proficiency, while suggesting high-level performance, describe meeting standards and reliable execution rather than the unconscious, effortless performance with concurrent multitasking that defines naturalization in the psychomotor domain."	"Foundations of Education, page 253"
Chapter 2	INST-3E-061	An EMS program is facing accreditation issues. How should the program director address this?	Single	Ensure that comprehensive program policies are properly developed and that full compliance with all applicable regulatory standards and accreditation requirements is consistently maintained.	Focus all efforts and resources solely on increasing student enrollment numbers without addressing the underlying accreditation issues that the program is currently facing.	Delegate all program responsibilities and decision-making authority to administrative staff members without maintaining director oversight or involvement in accreditation matters.	Prioritize expanding and enhancing the curriculum offerings and course content without first addressing the core accreditation issues that need immediate attention.			A	3	Roles and Responsibilities	EMS Educator Roles > Responsibilities of the Program Director	"Ensuring program policies and compliance with standards is crucial for addressing accreditation issues effectively. Focusing solely on increasing student enrollment is not the most effective approach UNLESS the issue is directly related to financial viability. Delegating all responsibilities to administrative staff would be appropriate IF the issue were purely clerical, but in this scenario, leadership involvement is crucial. Prioritizing curriculum expansion could be effective when the goal is program growth, however, this scenario requires addressing existing compliance and policy issues first."	"Foundations of Education, page 58"
Chapter 2	INST-3E-064	An instructor is creating a test for an EMS course. What should they ensure for the test items?	Single	"Ensure that the tests demonstrate reliability and validity in their measurements, while maintaining clear alignment with the established learning outcomes and specific lesson objectives."	Include a large number of trick questions throughout the examination in order to challenge students and increase the difficulty level of the assessment.	"Focus primarily on recall-level questions for efficiency purposes, emphasizing memorization and basic knowledge retrieval rather than higher-order thinking skills in the test design."	"Design tests with the primary goal of enabling quick grading with minimal instructor effort, prioritizing ease of scoring over comprehensive assessment of student competencies."			A	3	Roles and Responsibilities	EMS Educator Roles > Developing and Grading Tests	"Reliability and validity in tests ensure they accurately measure student understanding and align with educational goals. EMS educators should not craft trick questions, as they do not accurately assess student competence and undermine the validity of the assessment. Focusing solely on recall-level questions limits comprehensive understanding, as effective assessments require varied question types that measure different cognitive levels. Designing tests primarily for quick grading sacrifices educational quality and comprehensive assessment of student competencies for convenience."	"Foundations of Education, page 64"
Chapter 3	INST-3E-087	An EMS instructor observes students during a trauma assessment lab consistently verbalizing 'I am applying direct pressure' and 'I am checking distal pulses' without actually performing these actions with their hands. What should the instructor do to address this training deficiency?	Single	"Stop the practice session and require students to physically perform each skill step while wearing gloves, emphasizing that muscle memory develops only through actual tactile performance of procedures."	"Allow students to continue verbalizing actions during initial practice, then transition to physical performance once they demonstrate cognitive understanding of the assessment sequence and rationale."	"Encourage students to pair verbal descriptions with mental visualization of each skill, as cognitive rehearsal strengthens neural pathways and prepares students for subsequent physical practice sessions."	"Have students alternate between verbalizing steps and performing actions to reinforce both procedural knowledge and psychomotor skills, creating dual encoding pathways that enhance skill retention."			A	3	Learning Styles	Brain-Based Learning > Exercise the Brain: Practice the Way We Play	"The correct answer addresses the core principle that muscle memory develops exclusively through repetitive physical practice, not verbal rehearsal. Students must perform actions exactly as they will in the field to create instinctive responses under stress. Allowing continued verbalization (distractor B) perpetuates the misconception that saying equals doing and delays proper muscle memory formation, though cognitive understanding does precede psychomotor practice in some learning models. Mental visualization (distractor C) supports cognitive rehearsal but cannot replace the tactile and proprioceptive feedback essential for procedural memory formation, though it serves as a useful supplement between physical practice sessions. Alternating between verbalization and performance (distractor D) may seem comprehensive but actually trains students to use two different response patterns, which can cause hesitation during high-stress situations when automatic muscle memory is critical."	"Foundations of Education, page 85"
Chapter 4	INST-3E-154	An instructor uses a practical scenario to teach EMS students. Which aspect of experiential learning does this BEST demonstrate?	Single	"Learning by doing through a structured cycle that encompasses concrete experience, reflective observation, abstract conceptualization, and active experimentation in practical applications."	"Experiential learning is characterized exclusively by hands-on activities and physical practice, without incorporating other educational methods or theoretical components into the learning process."	"Reflection and reflective observation are not necessary or required components in the experiential learning process, as direct experience alone is sufficient for learning."	"The focus should be placed exclusively on simulation-based learning activities, utilizing only simulated scenarios and mannequins rather than incorporating other experiential teaching methods."			A	3	Learning Styles	Principles of Adult Learning > Practical Application of the Theory > Experiential Learning	"Learning by doing, as it involves a cycle of experience, reflection, abstraction, and testing, captures the essence of experiential learning by engaging students in active participation and reflection. 'Experiential learning only involves hands-on activities' is not the most effective approach unless the focus is strictly on physical skill acquisition, which is not the complete picture. 'Reflection is not necessary in experiential learning' would be appropriate if the focus was on immediate application, but reflection is crucial for deeper understanding. 'Focus on simulation-based learning exclusively' addresses realistic practice, but experiential learning encompasses a broader range of activities beyond simulations."	"Foundations of Education, page 116"
Chapter 5	INST-3E-163	"An EMS instructor is planning a lesson on respiratory emergencies. To effectively reach learners with different preferences, which approach would BEST demonstrate the principle of varying teaching methods?"	Single	Combining a brief lecture on pathophysiology with visual diagrams of the respiratory system and hands-on practice with assessment techniques	Delivering an engaging and well-organized lecture that thoroughly covers all respiratory emergency content from beginning to end	Selecting the teaching method that matches the instructor's own preferred learning style to ensure confident delivery	Alternating between multiple teaching techniques every few minutes to maintain student attention and provide constant variety			A	1	Learning Styles	Using Learning Styles to Enhance Teaching	"The correct answer demonstrates purposeful integration of auditory (lecture), visual (diagrams), and kinesthetic (hands-on practice) elements within a single lesson, which is the foundation of illustrated lectures and varied instruction. Option B reflects the misconception that lecture alone suffices if well-delivered, though extended lectures would be appropriate for advanced learners who prefer theoretical depth. Option C represents teaching to one's own style rather than students' needs, though this approach might work when instructor expertise in a particular method significantly enhances content delivery. Option D confuses purposeful variety with constant change without instructional rationale, though rapid transitions might be appropriate in short review sessions or when addressing attention fatigue."	"Foundations of Education, page 131"
Chapter 6	INST-3E-190	An EMS instructor is designing a new paramedic program and wants to minimize bias that could result from the inherent power imbalance between instructors and students. Which approach would BEST address the structural power dynamics in the teaching relationship?	Single	"Establish transparent criteria for grading, scheduling, and clinical assignments while creating formal channels for students to provide anonymous feedback on course decisions and instructor practices."	Develop strong mentorship relationships with students by being available outside class hours and sharing personal experiences to demonstrate approachability and reduce perceived power differences.	"Encourage students to participate actively in class discussions and ask questions freely, ensuring that all student voices are heard equally during instructional sessions."	"Create collaborative learning groups where students work together on projects and assessments, allowing peer-to-peer interaction to balance the traditional instructor-centered classroom structure."			A	5	Cultural Awareness	Culture in the EMS Classroom > Power in the Teaching Relationship	"The correct answer addresses the structural elements where instructor power resides—grading, scheduling, assignments, curriculum decisions—by making these processes transparent and creating accountability mechanisms through formal feedback channels. This directly mitigates bias introduced through the instructor's control over these systems. Option B focuses on building influence and rapport, which are valuable leadership qualities but do not address the structural power imbalance inherent in the instructor's role. Option C describes creating an open learning environment that encourages participation, which relates to classroom climate but does not address the instructor's fundamental control over evaluation and curriculum decisions. Option D promotes collaborative learning strategies that enhance peer interaction, which supports effective pedagogy but leaves the underlying power structure—who controls grades, schedules, and content—unaddressed."	"Foundations of Education, page 140"
Chapter 6	INST-3E-218	An instructor assumes all Millennials learn best with technology. What is the flaw in this assumption?	Single	Generational stereotypes should not dictate teaching methods.	Millennials universally prefer digital learning platforms.	Technology enhances learning for all students equally.	Digital literacy is the defining trait of Millennials.			A	3	Cultural Awareness	Culture in the EMS Classroom > Diversity in the Classroom > Generational Learning: Is There Really a	"Generational stereotypes should not dictate teaching methods, as they overlook individual differences and preferences. 'Millennials universally prefer digital learning platforms' is an overgeneralization that ignores diverse learning styles. 'Technology enhances learning for all students equally' fails to consider variances in access and preference. 'Digital literacy is the defining trait of Millennials' oversimplifies the characteristics of an entire generation."	"Foundations of Education, page 139"
Chapter 7	INST-3E-225	A paramedic student arrives at a clinical site and is assigned to assist with patient care in the emergency department. Which statement BEST DESCRIBES the student's responsibility regarding patient consent before performing any interventions?	Single	The student must identify themselves as a student to the patient and obtain explicit consent before performing any procedure or intervention on that patient.	"The student should follow the clinical site's standard consent procedures, which typically cover all healthcare providers including students once the patient agrees to treatment."	The student may proceed with interventions after the preceptor introduces them to the patient and confirms that the patient has signed the facility consent forms.	"The student should wait for the preceptor to obtain consent for the overall treatment plan, which includes permission for student participation in patient care activities."			A	2	Learning Environment	The Learning Environment > Clinical and Field Environment	"Students must always identify themselves as students and obtain explicit patient consent before performing interventions, ensuring full disclosure about who is providing care. The second option incorrectly assumes that general facility consent covers student participation, when patients retain the right to decline student involvement even after agreeing to treatment. The third option inappropriately delegates the student's responsibility to the preceptor and assumes signed facility forms include student participation, which may not be the case. The fourth option conflates general treatment consent with specific consent for student practice; these are separate considerations, and patients may consent to treatment while declining student involvement."	"Foundations of Education, page 165"
Chapter 8	INST-3E-277	Which statement BEST DESCRIBES the cognitive domain levels in Bloom's Taxonomy?	Single	"The cognitive domain is structured into six hierarchical levels: Remember, Understand, Apply, Analyze, Evaluate, and Create."	The cognitive domain levels are not hierarchical and can be addressed in any order.	"The cognitive domain includes levels such as Feeling, Valuing, and Organizing."	The cognitive domain focuses solely on memory recall and understanding.			A	2	Domains of Learning	Domains of Learning > Domain Levels and Dimensions > Bloom’s Taxonomy for the Cognitive Domain	"The cognitive domain in Bloom's Taxonomy is structured into six hierarchical levels, which guide educators in developing learning objectives that progress from basic recall to complex creation. 'The cognitive domain levels are not hierarchical...' would be appropriate if discussing a non-hierarchical model, but in this scenario, Bloom's model is inherently hierarchical. 'The cognitive domain includes levels such as Feeling...' is related to the affective domain, not cognitive. 'The cognitive domain focuses solely on memory recall...' is important but secondary to the full range of cognitive processes outlined in Bloom's framework."	"Foundations of Education, page 173"
Chapter 8	INST-3E-283	An EMS instructor is introducing a new skill by building on what students learned in a previous class. What teaching strategy are they using?	Single	Scaffolding	Direct instruction	Discovery learning	Lecture-based teaching			A	3	Domains of Learning	Domains of Learning > Addressing the Domains in Teaching Strategies	"Scaffolding involves introducing new skills by building on prior knowledge, providing support as students progress until they can perform independently. 'Direct instruction' would be appropriate if delivering content in a structured format, but in this scenario, gradual skill development is the focus. 'Discovery learning' is valuable for self-guided exploration, but here structured support is needed. 'Lecture-based teaching' could be effective when conveying information, however, this scenario requires interactive skill development."	"Foundations of Education, page 180"
Chapter 8	INST-3E-289	An EMS educator is designing test questions to assess students' ability to demonstrate how a specific treatment protocol should be used in a patient care scenario. Which cognitive domain level is the educator targeting?	Single	Remember	Understand	Apply	Analyze			C	3	Domains of Learning	Domains of Learning > Domain Levels and Dimensions > Bloom’s Taxonomy for the Cognitive Domain	"The 'Apply' level (Level 3) of Bloom's Taxonomy is appropriate when students must demonstrate how to use knowledge in a specific situation or scenario. When students show how a treatment protocol should be used in patient care, they are executing or implementing learned procedures in concrete situations, which is the hallmark of the Apply level. 'Remember' (Level 1) involves only recalling facts or protocols. 'Understand' (Level 2) requires explaining or interpreting concepts but not demonstrating their use. 'Analyze' (Level 4) would involve breaking down complex situations into components or examining relationships, which goes beyond demonstrating protocol application."	"Foundations of Education, page 173"
Chapter 8	INST-3E-290	Which approach is MOST EFFECTIVE for teaching affective skills in a classroom setting?	Single	Incorporating role-playing scenarios to engage students emotionally	Using lecture-based teaching to convey emotional concepts	Assigning reading materials on emotional intelligence	Focusing on psychomotor activities to develop empathy			A	5	Domains of Learning	Domains of Learning > Categorizing the Domains > Affective Domain	"Incorporating role-playing scenarios effectively engages students emotionally, allowing them to practice and develop affective skills in a realistic context. 'Using lecture-based teaching to convey emotional concepts' would be appropriate if the goal was to deliver theoretical knowledge, but in this scenario, active engagement is key. 'Assigning reading materials on emotional intelligence' is valuable for foundational understanding, but here experiential learning is prioritized. 'Focusing on psychomotor activities to develop empathy' could be effective for physical skill development, however, this scenario requires emotional engagement."	"Foundations of Education, page 172"
Chapter 9	INST-3E-300	Which statement BEST describes the purpose of incorporating the 'Time-bound' component when writing SMART learning objectives for an EMS course?	Single	"To establish a realistic timeline within which learners will achieve the objective, ensuring the objective aligns with the course duration and instructional sequence."	To specify the exact amount of time students will have to complete the final assessment or practical examination for the course unit.	To determine the maximum duration an instructor should allocate to teaching the content before moving to the next lesson topic.	"To identify when the objective will be assessed during the course, distinguishing formative assessment points from summative evaluation activities."			A	2	Goals and Objectives	Goals and Objectives > SMART Objective Development	"The 'Time-bound' element of SMART objectives establishes when learners are expected to achieve the objective, ensuring it is realistic within the course timeline and instructional sequence. This component helps instructors plan appropriate pacing and ensures objectives are achievable within identified time constraints. The distractor about assessment completion time confuses the objective's achievement timeline with testing time limits, which addresses test administration rather than objective design. The distractor about instructional time allocation relates to lesson planning rather than objective construction, though time management is important for course delivery. The distractor about assessment timing focuses on evaluation scheduling rather than the broader concept of when learners should achieve competency, though assessment placement is a valid instructional consideration."	"Foundations of Education, page 198"
Chapter 9	INST-3E-316	What are the key characteristics of objectives in educational settings?	Single	"Specific, measurable steps to achieve goals"	Broad statements that guide the overall direction	General guidelines for course content	Flexible targets that can be adjusted as needed			A	1	Goals and Objectives	Goals and Objectives > Goals and Objectives	"Specific, measurable steps to achieve goals ensure clarity and direction in educational settings, facilitating the achievement of broader educational goals. Broad statements that guide the overall direction are more characteristic of goals rather than objectives, which need specificity. General guidelines for course content are valuable for curriculum development but do not provide the precise focus required in an objective. Flexible targets allow for adaptation but lack the precision needed to effectively measure progress toward educational goals."	"Foundations of Education, page 156"
Chapter 9	INST-3E-317	Which statement BEST DESCRIBES the relationship between goals and objectives?	Single	"Goals represent broad, overarching targets that an organization or individual aims to achieve, while objectives are the specific, measurable steps taken to accomplish those goals."	Goals and objectives are essentially the same concept and these terms can be used interchangeably when discussing organizational planning and performance measurement.	"Objectives can exist and be developed independently of any broader goals, functioning as standalone targets without requiring connection to overarching organizational aims."	"Goals are specific, concrete tasks that must be completed, while objectives represent general aspirations and broad directions that guide overall organizational efforts."			A	2	Goals and Objectives	Goals and Objectives > Goals and Objectives	"Goals are broad targets, while objectives are specific steps to achieve those goals, providing a clear pathway to success. Goals and objectives are the same and can be used interchangeably is a common misconception, as they serve different functions in educational planning. Objectives can exist independently of goals is inaccurate because objectives derive their purpose from the goals they aim to achieve. Goals are specific tasks, while objectives are general aspirations reverses the typical definitions, leading to confusion in planning."	"Foundations of Education, page 156"
Chapter 9	INST-3E-321	What are the three domains of learning objectives described in Bloom's Taxonomy?	Single	"Cognitive (knowledge-based), Affective (attitude-based), and Psychomotor (skill-based)"	"Remember, Understand, and Apply"	"Beginner, Intermediate, and Advanced"	"Theory, Practice, and Assessment"			A	1	Goals and Objectives		"Bloom's Taxonomy describes three distinct domains of learning objectives: Cognitive (knowledge and intellectual skills), Affective (attitudes, values, and emotions), and Psychomotor (physical skills and coordination). The cognitive domain is further subdivided into six levels: Remember, Understand, Apply, Analyze, Evaluate, and Create. Understanding all three domains helps instructors design comprehensive learning experiences that address knowledge, attitudes, and skills—all essential components of EMS education."	
Chapter 9	INST-3E-323	An EMS instructor wants to ensure their lesson objectives are effective. What should they focus on?	Multi	"Objectives should be specific, measurable, observable, and aligned with goals."	Objectives should be as broad as possible to cover more material.	Objectives should focus on terminal goals rather than interim steps.	Objectives should be vague to allow flexibility in teaching.			A	3	Goals and Objectives		"Objectives should be specific, measurable, observable, and aligned with goals to ensure clarity and effectiveness in lesson planning. Making objectives as broad as possible is not the most effective approach UNLESS the aim is to cover large thematic units, but specific objectives are needed here for precision. Focusing on terminal goals rather than interim steps would be appropriate IF the end achievement is the sole focus, but in this scenario, interim steps ensure progress and measurability. Keeping objectives vague to allow flexibility is valuable in dynamic settings, but here the priority is clear and targeted objectives."	
Chapter 9	INST-3E-326	Which cognitive level in Bloom's Taxonomy involves creating new work?	Single	Create	Evaluate	Analyze	Apply			A	1	Goals and Objectives		"The 'Create' level in Bloom's Taxonomy involves generating new ideas or products, representing the highest cognitive process. 'Evaluate' is not the most effective approach UNLESS the focus is on making judgments, which does not involve creation. 'Analyze' would be appropriate IF dissecting information into parts is the focus, but creation involves synthesis. 'Apply' could be effective when the goal is to use information in new situations, however this scenario requires generating original work."	
Chapter 10	INST-3E-349	What is the primary purpose of a lesson plan in EMS education?	Single	Lesson plans serve as a guide for instruction and ensure continuity and consistency in teaching.	Lesson plans are only necessary for new instructors.	Lesson plans do not need to be revised once created.	Curriculum development is the primary purpose of lesson plans.			A	1	Lesson Plans	Lesson Plans > Overview of Lesson Plans	"Lesson plans serve as a guide for instruction and ensure continuity and consistency in teaching, which is crucial for maintaining educational standards. Believing 'lesson plans are only necessary for new instructors' is a misconception; they are essential for all educators to provide structured learning. Thinking 'lesson plans do not need to be revised once created' ignores the evolving nature of educational content and methods. 'Curriculum development' is a broader process that lesson plans contribute to rather than being their primary purpose."	"Foundations of Education, page 204"
Chapter 10	INST-3E-365	Explain why it is important to review lesson objectives with students.	Single	It ensures students understand what is expected and can align their learning efforts accordingly	It allows students to choose which objectives they prefer to focus on	It provides an opportunity for students to critique the lesson plan	It helps students determine if the lesson content is relevant to their personal goals			A	2	Lesson Plans		"Reviewing lesson objectives with students 'ensures they understand what is expected and can align their learning efforts accordingly,' fostering clarity and direction. Allowing students to 'choose which objectives they prefer to focus on' can undermine the educational structure and goals. Providing an opportunity for students to 'critique the lesson plan' is useful for feedback but not the primary purpose of reviewing objectives. Helping students 'determine if the lesson content is relevant to their personal goals' is valuable for engagement but does not ensure alignment with educational objectives."	
Chapter 10	INST-3E-368	What is the MOST EFFECTIVE strategy for ensuring lesson objectives are comprehensive and balanced?	Single	"Design objectives that incorporate cognitive, psychomotor, and affective domains based on Bloom's Taxonomy"	Focus on objectives that align with standardized tests	Prioritize objectives that are easy to measure	Develop objectives based on current educational trends			A	5	Lesson Plans		"Designing objectives that incorporate 'cognitive, psychomotor, and affective domains based on Bloom's Taxonomy' ensures a comprehensive and balanced approach. Focusing on 'objectives that align with standardized tests' can limit the breadth of learning. Prioritizing 'objectives that are easy to measure' may neglect important but complex learning goals. Developing 'objectives based on current educational trends' can ensure relevance but may not address all learning domains comprehensively."	
Chapter 11	INST-3E-376	"An EMS instructor asks a student, 'Why did you choose to administer high-flow oxygen to this patient?' The student responds, 'Because the patient is short of breath.' What should the instructor do NEXT to effectively apply the Socratic method?"	Single	Ask a follow-up question such as 'What specific assessment findings led you to conclude that high-flow oxygen was indicated?' to guide deeper analysis of the clinical decision.	"Pause for 5-7 seconds to provide adequate wait time, then move to another student if the first student cannot provide additional reasoning for the treatment choice."	"Provide immediate feedback by explaining the correct pathophysiology and oxygen delivery devices, then ask the student to repeat the correct rationale back to the class."	"Evaluate whether the student's answer demonstrates critical thinking skills by comparing it to established assessment criteria, then document the response for summative evaluation purposes."			A	2	Facilitation Techniques	Introduction to Teaching Strategies > Questioning Techniques > Socratic Method	"The Socratic method uses sequential, probing questions to challenge assumptions and guide students toward greater specificity and deeper reasoning, allowing them to arrive at conclusions through their own logic. This approach continues the dialogue rather than ending it with correction or moving on. While wait time is an important questioning technique, it applies to initial question delivery rather than follow-up in an ongoing Socratic dialogue. Providing immediate correction and explanation contradicts the Socratic method's core principle of using questions rather than telling to develop understanding. Critical thinking assessment is an evaluative process that measures student reasoning, whereas the Socratic method is a developmental strategy that builds reasoning through progressive questioning."	"Foundations of Education, page 198"
Chapter 11	INST-3E-394	An EMS instructor notices students struggling with a complex scenario. What should they DO to enhance understanding using facilitation techniques?	Single	Provide scaffolding to assist students in breaking down the scenario.	Allow students to work independently without guidance.	Increase direct instruction to clarify the scenario.	Assign peer-led discussions to explore the scenario.			A	3	Facilitation Techniques	Introduction to Teaching Strategies > Techniques to Enhance Student-Centered Learning > Facilitation	"Providing scaffolding to assist students in breaking down the scenario is effective because it supports understanding by gradually building on prior knowledge. Allowing students to work independently without guidance is not the most effective approach unless they have already developed the necessary skills to tackle the scenario autonomously. Increasing direct instruction to clarify the scenario would be appropriate if the focus were on delivering information, but this scenario requires active student engagement. Assigning peer-led discussions to explore the scenario is valuable for collaborative learning but does not address the scaffolded support needed in this context."	"Foundations of Education, page 194"
Chapter 11	INST-3E-396	Which approach would be MOST EFFECTIVE for an EMS instructor aiming to build students' decision-making confidence?	Single	Implementing experiential learning through realistic scenarios.	Providing extensive theoretical lectures.	Utilizing repetitive drills to reinforce skills.	Assigning individual research projects.			A	5	Facilitation Techniques	Introduction to Teaching Strategies > Building Confidence in Decision Making > Example 1	"Implementing experiential learning through realistic scenarios is effective because it allows students to apply knowledge in practical situations, enhancing decision-making confidence. Providing extensive theoretical lectures is not the most effective approach unless the focus is on foundational knowledge rather than application. Utilizing repetitive drills to reinforce skills could be effective when skill mastery is the priority, however, this scenario requires decision-making development. Assigning individual research projects is valuable for developing research skills but does not address the need for practical decision-making experience in this context."	"Foundations of Education, page 200"
Chapter 11	INST-3E-398	Describe the importance of the affective domain in EMS education.	Single	It is critical to the quality of patient care and professional contribution.	It focuses primarily on the acquisition of technical skills.	It is less important than the cognitive domain.	It cannot be effectively assessed in educational settings.			A	2	Facilitation Techniques	Introduction to Teaching Strategies > Traditional Education > Teacher-Centered Learning	"The affective domain is critical to the quality of patient care and professional contribution, as it encompasses attitudes and values essential for effective practice. It focuses primarily on the acquisition of technical skills is not the most effective approach unless discussing the psychomotor domain, which involves skill development. It is less important than the cognitive domain is a misconception because all domains are equally important in holistic education. It cannot be effectively assessed in educational settings is incorrect, as reflective practices and assessments can evaluate affective development."	"Foundations of Education, page 192"
Chapter 13	INST-3E-440	An EMS instructor notices that students consistently perform poorly on unit exams despite spending hours reviewing their notes and textbook chapters before each test. Several students report that they read the material multiple times but still struggle to recall information during exams. What instructional strategy should the instructor implement to improve student learning outcomes?	Single	Create frequent low-stakes quizzes throughout each unit with immediate feedback on both correct and incorrect responses to promote retrieval practice over time.	Develop comprehensive study guides with highlighted key concepts and provide extended review sessions the day before each unit exam to reinforce content.	Schedule one comprehensive practice exam midway through each unit and provide students with the answer key to review before the final assessment.	Implement formative assessments after each lesson to identify knowledge gaps and adjust instructional pacing based on student performance data collected.			A	3	Teaching Resources	Tools for Individual Learning > Practice Tests	"Frequent low-stakes quizzes with feedback leverage the testing effect by requiring repeated retrieval practice spaced over time, which is superior to passive rereading for retention. The comprehensive study guides approach relies on passive review rather than active retrieval, though study guides would be appropriate as supplements to active testing strategies. The single midpoint practice exam provides only one retrieval opportunity without the spacing and repetition that strengthen the testing effect, though this would be valuable as part of a broader testing strategy. Formative assessments focus on instructor-driven pacing adjustments rather than student retrieval practice, though formative assessment serves an important complementary role in monitoring learning progress and informing instruction."	"Foundations of Education, page 240"
Chapter 13	INST-3E-442	"An EMS instructor notices that after completing simulation scenarios, students immediately move to the next station without discussing their performance. The instructor wants to implement a structured approach that helps students develop self-regulation skills transferable to clinical practice. What should the instructor do?"	Single	"Require students to rate their confidence in their decisions, discuss alternative approaches with peers and explain their rationale, then review the outcome and reflect on how this learning will change their next patient approach."	"Have students compare their performance to established protocols and guidelines, identify any deviations from standard procedures, then document their adherence rates to prepare for quality assurance reviews in clinical settings."	"Ask students to complete a checklist of skills performed during the scenario, receive feedback from the instructor on technical proficiency, then practice the same scenario again to improve their performance scores."	"Direct students to discuss what they did well during the scenario with their classmates, celebrate successful interventions and positive teamwork moments, then move forward with confidence to apply these strengths in future scenarios."			A	3	Teaching Resources	Tools for Individual Learning > Case Reviews	"The correct answer implements all three components of the self-regulation pattern: gauging confidence (metacognitive monitoring), discussing alternatives with rationale development (collaborative reflection), and reviewing outcomes with reflection on future application (transfer of learning). The protocol comparison approach focuses on compliance rather than metacognitive self-assessment, though it would be appropriate for quality improvement initiatives or when teaching adherence to evidence-based guidelines. The checklist and repetition method emphasizes technical skill refinement without the metacognitive reflection component, though it would be valuable when students need deliberate practice on psychomotor skills. The positive reinforcement approach builds confidence but lacks the critical self-assessment and alternative consideration elements, though it would be appropriate when students demonstrate low self-efficacy or need motivation during initial learning stages."	"Foundations of Education, page 240"
Chapter 13	INST-3E-457	An instructor is introducing journal articles to their EMS class. How should they IMPLEMENT this resource?	Single	Provide journal articles to offer current research updates and in-depth information beyond textbooks.	Select any journal articles available online for quick access.	Use journal articles solely for advanced students.	Rely on journal articles to replace textbooks.			A	3	Teaching Resources	Tools for Individual Learning > Journal Articles	"Providing journal articles offers current research updates and in-depth information beyond textbooks, enriching students' understanding and keeping them informed of recent developments. 'Select any journal articles available online for quick access' would be appropriate if time constraints are critical, but in this scenario, quality and relevance are prioritized. 'Use journal articles solely for advanced students' could be effective when focusing on complex materials, however, this scenario requires broader applicability. 'Rely on journal articles to replace textbooks' addresses resource limitations, but here, they are intended to complement existing materials."	"Foundations of Education, page 238"
Chapter 14	INST-3E-497	What is the KEY DIFFERENCE between simulation exercises and real-life clinical experiences?	Single	"Simulation exercises provide a controlled environment for practice, whereas real-life clinical experiences occur in actual healthcare settings."	Simulations can replace real-life clinical experiences entirely.	Simulation exercises are only for advanced learners.	Role-playing provides the same benefits as simulation exercises.			A	4	Facilitation Techniques	Tools for Small Group Learning > Simulation	"Simulation exercises offer a controlled environment where students can safely practice skills, while real-life clinical experiences provide exposure to actual healthcare settings and situations. Simulations are not the most effective approach UNLESS used as a complement to, rather than a replacement for, real-life experiences. They are suitable for learners at all levels, not just advanced ones. Role-playing is beneficial for developing communication skills but does not offer the same level of procedural practice as simulations."	"Foundations of Education, page 287"
Chapter 15	INST-3E-501	"An EMS instructor is preparing a 40-minute lecture on medication administration routes and wants to follow the 10/20/30 rule for slide design. How many slides should the instructor prepare, and what is the minimum font size recommended?"	Single	20 slides with a minimum 30-point font to maintain readability and appropriate pacing throughout the presentation	10 slides with a minimum 30-point font to ensure adequate detail coverage within the allocated time frame	40 slides with a minimum 20-point font to provide comprehensive coverage of all medication routes and examples	15 slides with a minimum 20-point font to balance content density with visual appeal and student engagement			A	1	Presentations Skills	Tools for Large Group Learning > Delivering the Message	"The 10/20/30 rule specifies 10 slides for every 20 minutes of lecture using a 30-point font, so a 40-minute lecture requires 20 slides with 30-point font minimum. The distractor suggesting 10 slides total misinterprets the rule as absolute numbers rather than a ratio per 20-minute segment, though this approach would be appropriate for a 20-minute presentation. The option proposing 40 slides reflects the common instructor mistake of over-preparing slides, which would be suitable only if using a rapid-fire presentation style for advanced learners who need minimal explanation per slide. The choice of 15 slides with 20-point font combines two errors but might work in specialized contexts like conference presentations where audience members view from varying distances and expect dense information delivery."	"Foundations of Education, page 268"
Chapter 15	INST-3E-503	"An EMS instructor teaching a large group class on patient assessment wants to use a collaborative learning strategy that allows students to first reflect individually, then discuss with one peer, before sharing with the entire class. Which instructional strategy should the instructor implement?"	Single	"Think-Pair-Share, where students first think individually about a question, then pair with a partner to discuss their thoughts, and finally participate in whole class discussion"	"Buzz groups, where students form small groups of three to six people to briefly discuss a specific question and then report their conclusions to the larger class"	"Socratic method, where the instructor poses probing questions to individual students and guides them through critical thinking by systematically questioning their responses and assumptions"	"Audience feedback systems, where students use electronic devices to respond to instructor questions individually and results are displayed anonymously to facilitate immediate class-wide discussion"			A	1	Presentations Skills	Tools for Large Group Learning > Tools for Large Group Learning	"Think-Pair-Share is the correct strategy because it specifically follows the three-step sequence of individual thinking time, paired discussion, and whole class sharing, making it ideal for large group settings while promoting collaborative learning. Buzz groups would be appropriate when the instructor wants slightly larger collaborative units (3-6 students) for more diverse perspectives, but they skip the individual reflection component. The Socratic method would be suitable when the instructor wants to guide critical thinking through direct questioning of individuals, but it lacks the peer collaboration element central to this scenario. Audience feedback systems would be effective when the instructor needs immediate anonymous responses to assess understanding across a large group, but they emphasize individual electronic responses rather than the face-to-face peer discussion requested."	"Foundations of Education, page 301"
Chapter 15	INST-3E-519	Which statement BEST DESCRIBES the use of lectures as a teaching strategy?	Single	Lectures can effectively deliver large amounts of content but may not engage all learning styles.	Lectures are the best method for all types of content.	Visual aids are unnecessary in lectures.	Lectures replace the need for interactive learning.			A	2	Presentations Skills	Tools for Large Group Learning > Cognitive Domain	"Lectures can effectively deliver large amounts of content but may not engage all learning styles, making them a useful but limited tool. 'Lectures are the best method for all types of content' is not appropriate in this context as it overlooks the need for varied teaching strategies to engage different learners. 'Visual aids are unnecessary in lectures' is not the most effective approach unless the lecture content is purely auditory, which is rarely the case. 'Lectures replace the need for interactive learning' is valuable for content delivery but does not address the engagement and retention needs in diverse learning environments."	"Foundations of Education, page 292"
Chapter 15	INST-3E-528	An experienced EMS instructor is preparing for a lecture on a topic they have taught many times before. What is the MOST important step they should take to ensure the lecture's effectiveness?	Single	Organize content to fit the time allowed and ensure logical flow	Rely primarily on their extensive experience with the subject matter	Use proven materials from previous lectures without modification	Focus exclusively on demonstrating their subject matter expertise			A	3	Presentations Skills	Tools for Large Group Learning > Preparing for the Lecture	"Organizing content to fit the time allowed and ensure logical flow is essential for effective lecture delivery, regardless of instructor experience. This ensures proper pacing, comprehensive coverage, and learner engagement. Option B is incorrect because even experienced instructors must prepare thoroughly; medicine is constantly evolving, and relying solely on experience without seeking newer evidence and updating content fails to meet professional responsibilities. Option C is incorrect because reusing materials without updates ignores the ever-changing nature of EMS practice and fails to incorporate current evidence, protocols, and best practices. Option D is incorrect because while subject matter expertise is valuable, effective teaching requires balancing content knowledge with pedagogical considerations such as organization, delivery methods, and learner needs—expertise alone does not guarantee effective instruction."	"Foundations of Education, page 295"
Chapter 17	INST-3E-570	What is the primary advantage of incorporating frequent low-stakes formative assessments in an online EMS course?	Single	"They allow students to monitor their learning progress and identify knowledge gaps before high-stakes evaluations, promoting deeper comprehension over time."	They reduce the instructor's grading workload by replacing comprehensive final examinations with multiple smaller assignments distributed throughout the course.	They provide standardized benchmark data that can be compared across different course sections to ensure consistent learning outcomes for accreditation purposes.	"They create accountability by requiring students to complete timed assessments at scheduled intervals, which maintains engagement similar to traditional classroom attendance."			A	1	Teaching Resources	Tools for Distance Learning > Teaching and Assessment Are Intertwined	"Frequent low-stakes formative assessments in online learning environments emphasize the learning process by giving students ongoing opportunities to self-check their understanding and correct misconceptions before summative evaluations, fostering long-lasting comprehension rather than short-term memorization. While reducing grading workload might be a secondary benefit, it is not the educational purpose of formative assessment; summative assessments and comprehensive exams still have their place in evaluating overall competency. Benchmark data for accreditation is typically gathered through summative assessments and program-level outcomes rather than individual formative checks. Creating accountability through timed assessments focuses on compliance rather than learning; while engagement is important, the primary value of formative assessment lies in its diagnostic feedback that guides student learning and instructor adjustments."	"Foundations of Education, page 298"
Chapter 17	INST-3E-581	Which characteristic is MOST essential for students to successfully complete a distance learning EMS course?	Single	Self-motivation to meet learning demands and adhere to deadlines without frequent instructor reminders	Proficiency with learning management system notification features and automated calendar synchronization tools	Access to instructor scaffolding strategies that gradually reduce support as the course progresses	Advanced time management skills developed through previous online coursework and professional experience			A	1	Teaching Resources	Tools for Distance Learning > Students Take Responsibility for Their Own Learning	"Self-motivation is the most essential characteristic because distance learning students must transition from instructor-driven reminders to self-directed responsibility, managing their own learning in potential isolation. Proficiency with LMS notification features is helpful for staying organized, but these technological tools cannot replace the internal drive needed to complete coursework independently. Instructor scaffolding strategies are valuable teaching methods that support student development, but the question asks about student characteristics rather than instructional approaches. Advanced time management skills from previous experience are beneficial, but many successful distance learners develop these skills during their first online course when paired with adequate self-motivation."	"Foundations of Education, page 298"
Chapter 18	INST-3E-598	"When an EMS instructor describes simulation to new faculty members, what is the most accurate characterization of simulation in educational contexts?"	Single	A technique to replace or amplify real experiences with guided experiences that evoke or replicate substantial aspects of the real world in a fully interactive manner	A technology that requires high-fidelity manikins or computerized training devices to create realistic learning environments for psychomotor skill development	A scenario-based learning approach that utilizes advanced electronic equipment to provide students with hands-on practice in controlled clinical settings	A collection of task trainers and high-fidelity equipment designed to teach isolated clinical skills before progressing to integrated patient care scenarios			A	1	Teaching Psychomotor Skills	Tools for Simulation > Introduction		
Chapter 18	INST-3E-607	"An EMS instructor is developing a simulation for EMT students on managing a behavioral emergency. The instructor has access to high-fidelity manikins but chooses to use a standardized patient (actor) in a classroom setting with minimal props. Several faculty members question this decision, suggesting the high-fidelity manikin would be better. What is the most appropriate rationale for the instructor's choice?"	Single	"The psychological fidelity achieved through realistic patient interaction and communication is most appropriate for the behavioral emergency learning objectives, regardless of equipment sophistication."	"The physical fidelity of using an actual human provides superior realism compared to manikins, making standardized patients universally preferable for all simulation scenarios."	"The environmental fidelity of the classroom setting enhances learning outcomes more than equipment fidelity, so the location choice is the primary determinant of effectiveness."	"The technological fidelity of high-fidelity manikins is unnecessary for EMT-level students, so lower-technology options should be selected based primarily on learner certification level."			A	3	Teaching Psychomotor Skills	Tools for Simulation > The Scenario Template		
Chapter 18	INST-3E-611	An instructor encounters a simulation lab where instructors routinely skip the pre-scenario equipment check because 'we've never had a problem during scenarios.' Students are now progressing to clinical rotations. What should the instructor recognize about this situation?	Single	"This represents normalization of deviance where repeated omission of equipment checks has become accepted practice, creating risk that students will transfer this behavior to patient care."	This demonstrates appropriate fidelity adaptation where instructors have determined that equipment reliability makes pre-scenario checks unnecessary for achieving learning objectives in simulation.	This reflects efficient time management where experienced instructors have identified a non-essential task that can be eliminated to maximize student contact time during scenarios.	This illustrates negative transference where students observe equipment malfunction during simulation and incorrectly apply troubleshooting techniques rather than proper assessment skills.			A	3	Teaching Psychomotor Skills	Tools for Simulation > Equipment > Equipment Testing		
Chapter 18	INST-3E-619	"After a simulated pediatric seizure scenario, an instructor tells a student, 'You administered the midazolam dose at the 8-minute mark, which was 3 minutes after seizure onset.' This statement best represents which educational method?"	Single	"Feedback, because it provides specific, objective information about one discrete performance aspect without facilitating collaborative exploration of the learner's clinical reasoning"	"Debriefing, because it involves post-scenario communication between instructor and learner focused on reviewing what occurred during the simulation"	"Self-reflection, because the instructor is prompting the student to think critically about their own performance and decision-making process"	"Assessment, because the instructor is documenting the student's performance against established criteria for medication administration timing"			A	1	Teaching Psychomotor Skills	Tools for Simulation > Debriefing versus Feedback		
Chapter 18	INST-3E-621	What is simulation in the context of EMS training?	Single	A technique to replace or amplify real experiences with guided experiences that evoke or replicate substantial aspects of the real world in a fully interactive manner	A technology-based process that primarily uses computers and virtual environments for training	A training method that always requires high-fidelity manikins to create realistic scenarios	A complete replacement for real-world clinical experience through virtual training environments			A	1	Teaching Psychomotor Skills	Tools for Simulation > Cognitive Domain		
Chapter 18	INST-3E-623	An EMS instructor is designing a scenario. What should they DO to ensure effective learning?	Single	Align the scenario with learning objectives and ensure it is realistic in content and expectations.	Design scenarios to be as dramatic as possible to capture student interest.	Include as many complex elements as possible to challenge students.	Rely on preprogrammed scenarios to save time and ensure consistency.			A	3	Teaching Psychomotor Skills	Tools for Simulation > Cognitive Domain		
Chapter 18	INST-3E-628	Which statement BEST DESCRIBES normalization of deviance in EMS simulations?	Single	Normalization of deviance refers to the gradual acceptance of unacceptable practices or standards.	Normalization of deviance is a positive adaptation process that improves flexibility in simulations.	It only occurs in low-fidelity simulations where standards are not strictly enforced.	Normalization of deviance relates to the consistent application of standard operating procedures.			A	2	Teaching Psychomotor Skills	Tools for Simulation > Equipment > Orientation or Familiarization		
Chapter 18	INST-3E-629	An EMS instructor uses templates for scenario design. What should they DO to maximize efficiency?	Single	Use templates to standardize scenario formats and quickly find key information during simulations.	Templates limit creativity in scenario design and should be avoided for customized scenarios.	All scenarios must strictly follow pre-existing templates to maintain consistency.	Scenario flowcharts should replace templates to provide a more dynamic approach.			A	3	Teaching Psychomotor Skills	Tools for Simulation > The Scenario Template		
Chapter 19	INST-3E-636	An EMS instructor observes that field preceptors consistently ask students questions like 'What is the normal heart rate?' and 'What medication did you give?' rather than exploring clinical reasoning. Which statement BEST DESCRIBES why the instructor should encourage preceptors to modify their questioning approach?	Single	Clinical educators tend to pose low-level recall questions but should instead ask higher-level questions that improve reasoning and clinical performance.	Clinical educators tend to favor divergent questions but should instead ask convergent questions that lead students toward specific correct answers.	Clinical educators tend to ask synthesis-level questions but should instead ask knowledge-level questions that establish foundational understanding before advancing.	Clinical educators tend to use Socratic questioning but should instead ask direct recall questions that verify students have memorized essential protocols.			A	2	Teaching Psychomotor Skills	Tools for Field and Clinical Learning > Ask Questions	"The correct answer identifies the common problem that clinical educators default to low-level recall questions when they should be asking higher-level questions that develop clinical reasoning skills. Convergent questions that require analysis or synthesis, and divergent questions that explore multiple possibilities, both promote deeper thinking than simple recall. The second distractor reverses the actual problem; divergent questions are valuable for exploring reasoning and do not need replacement with convergent questions exclusively. The third distractor incorrectly suggests educators are already asking synthesis-level questions when research shows the opposite pattern. The fourth distractor misrepresents Socratic questioning as problematic when it actually promotes critical thinking; direct recall questions alone cannot develop the complex reasoning skills needed for clinical practice."	"Foundations of Education, page 371"
Chapter 19	INST-3E-639	"A field preceptor tells a paramedic student after a difficult call, 'You did fine today.' Which statement BEST describes why this feedback fails to meet SMART feedback model standards?"	Single	The feedback lacks specificity by not identifying concrete behaviors or providing examples of what the student actually did well during the call.	The feedback was provided too close to the emotionally-charged event and should have been delayed until the next shift for better reception.	"The feedback focuses on positive reinforcement rather than identifying areas needing improvement, which limits the student's professional growth and development."	The feedback represents formative evaluation during the learning process rather than summative assessment that measures overall competency achievement at program completion.			A	2	Teaching Psychomotor Skills	Tools for Field and Clinical Learning > Assessment and Feedback	"The correct answer identifies the primary deficiency: the feedback violates the 'Specific' component of SMART by using vague, general language without concrete behavioral examples. The second distractor incorrectly assumes timing is the issue; SMART feedback should actually be given closer to the event (the 'Time' component), though emotional readiness matters. The third distractor misrepresents SMART principles by suggesting negative feedback is superior; SMART feedback should be 'Appropriate' and balanced, including positive feedback when warranted. The fourth distractor confuses feedback models with evaluation types; formative evaluation is ongoing assessment that benefits from SMART feedback principles rather than representing a conflicting approach."	"Foundations of Education, page 352"
Chapter 19	INST-3E-643	A paramedic program coordinator is designing a clinical tracking system for students rotating through hospital emergency departments. Which approach BEST ensures comprehensive documentation of student progress throughout the clinical experience?	Single	"Track attendance and professionalism, document time and patient encounter counts, identify illness and injury types, record skills observed and performed, include instructor evaluation and coaching notes, and assess progress toward clinical learning plan goals"	"Focus primarily on the total number of patient contacts and procedural skills performed, ensuring students meet minimum encounter requirements while maintaining a log of attendance and hours completed for accreditation purposes"	"Collect evidence of student performance across multiple patient encounters for portfolio assessment, including written reflections, skill demonstration videos, and patient care documentation that shows progression toward program completion"	"Establish specific measurable objectives for each clinical shift, document formative evaluation results after each patient encounter, and provide ongoing feedback that addresses clinical decision-making and technical skill performance"			A	2	Teaching Psychomotor Skills	Tools for Field and Clinical Learning > The Solutions	"Comprehensive clinical tracking requires attention to all six essential areas: attendance/professionalism, time/encounter counts, illness/injury identification, skills documentation, instructor evaluation/coaching, and progress assessment toward clinical goals. This multidimensional approach ensures complete documentation of student development. Focusing primarily on encounter counts and skills performed (distractor 1) addresses only two of the six areas and reflects the common misconception that tracking is mainly about numbers; this quantitative approach would be appropriate for basic compliance reporting but misses critical qualitative dimensions. Portfolio assessment with multiple evidence types (distractor 2) is valuable for demonstrating overall competency achievement and would be appropriate for summative program evaluation, but doesn't address the specific tracking areas needed during ongoing clinical experiences. Establishing shift-specific objectives with formative evaluation (distractor 3) represents important elements of clinical education and would be appropriate for lesson planning and immediate feedback, but doesn't encompass the full scope of documentation areas required for comprehensive progress tracking."	"Foundations of Education, page 380"
Chapter 19	INST-3E-648	An instructor observes a field preceptor who consistently asks students questions like 'What medication should we give?' and 'What's the dose of epinephrine?' during critical calls. The instructor recognizes these as convergent questions and wants to help the preceptor incorporate divergent questioning strategies. Which question best exemplifies the divergent approach the instructor should recommend?	Single	What are your treatment options for this patient and what factors would guide your choice between them?	"Based on the patient's vital signs and presentation, what is the most likely diagnosis?"	What are the contraindications for administering nitroglycerin in this situation?	Can you explain the pathophysiology underlying this patient's clinical presentation?			A	3	Teaching Psychomotor Skills	Tools for Field and Clinical Learning > Ask Questions	"Divergent questions ask students to extrapolate on concepts, consider multiple valid approaches, and justify clinical reasoning without seeking a single predetermined answer. Option A exemplifies divergent questioning by requiring students to identify multiple treatment options and articulate the clinical reasoning for choosing among them, promoting higher-level critical thinking. Option B is a convergent question seeking a specific correct diagnosis through analysis of data. Option C is a convergent question with a defined set of correct answers (the known contraindications). Option D, while promoting understanding, is still convergent as it seeks a specific explanation of established pathophysiology rather than exploring multiple approaches or perspectives."	"Foundations of Education, page 371"
Chapter 19	INST-3E-649	"An instructor discovers that several paramedic field preceptors from different agencies are evaluating students using different criteria, leading to inconsistent grade assignments across clinical sites. What action should the instructor prioritize to address this issue?"	Single	"Provide preceptor training that includes the program's evaluation tools, grading criteria, and standardized definitions to ensure consistency across all clinical sites."	Review each preceptor's individual evaluation methods and create agency-specific grading rubrics that accommodate different operational styles and protocols.	Schedule monthly preceptor meetings to discuss challenging student cases and allow preceptors to collaboratively develop evaluation standards over time.	Conduct ride-alongs with each preceptor to observe their evaluation techniques and provide individualized feedback on their assessment approaches.			A	3	Teaching Psychomotor Skills	Tools for Field and Clinical Learning > Preceptor Training	"CoAEMSP standards explicitly require that preceptor training include evaluation tools used by the program and criteria of evaluation for grading, ensuring all preceptors apply consistent standards regardless of their agency affiliation. Creating agency-specific grading rubrics would perpetuate inconsistency and violate the need for standardized program-wide evaluation criteria, though agency protocols may legitimately vary. Monthly collaborative meetings are valuable for ongoing preceptor development and addressing complex cases, but cannot substitute for initial structured training on required evaluation standards. Individual ride-alongs provide useful mentoring for preceptor development and quality improvement, but addressing system-wide inconsistency requires foundational training that establishes common evaluation frameworks first."	"Foundations of Education, page 342"
Chapter 19	INST-3E-656	"An instructor is riding with a paramedic student during a cardiac arrest call. After successful ROSC, the patient suddenly becomes hypotensive. The student appears uncertain about the next intervention. What should the instructor do to maximize learning retention?"	Single	Immediately recognize this as a teachable moment and ask guiding questions to help the student work through the clinical reasoning process in real-time during patient care.	Wait until the call is completely finished and then conduct a structured debriefing session to review the clinical decision-making process and treatment options systematically.	Schedule a formative evaluation session for later that week to assess the student's knowledge of post-resuscitation care and document performance on clinical competency forms.	Provide just-in-time instruction by briefly explaining the correct intervention before the student performs it to ensure patient safety and build the student's procedural confidence.			A	3	Teaching Psychomotor Skills	Tools for Field and Clinical Learning > Affective Domain	"Teachable moments are spontaneous opportunities during actual patient care when educators capitalize on circumstances to create lasting learning, not pre-planned events. The correct answer recognizes the immediate learning opportunity and uses real-time guidance to help the student reason through the situation. Waiting for a debriefing session would be appropriate for comprehensive call review but misses the powerful immediacy of learning during actual patient care when cognitive and emotional engagement are heightened. Scheduling a formative evaluation would be suitable for ongoing assessment of competency development but lacks the situational context that makes teachable moments so effective for retention. Providing just-in-time instruction would be appropriate when teaching a new skill immediately before performance but doesn't leverage the student's active problem-solving during the actual clinical situation that defines a teachable moment."	"Foundations of Education, page 363"
Chapter 19	INST-3E-661	A new preceptor is unsure about their role in educating adult learners. What is a key requirement they should fulfill?	Single	Have significant field experience and demonstrate the ability to work constructively and effectively with adult learners in educational settings.	Rely solely on their own field experiences and personal knowledge to guide their teaching approach without incorporating other educational resources.	Focus primarily on technical skills and procedural competencies without giving consideration to adult learning principles or educational theory.	"Provide feedback to students only when they make mistakes or errors, rather than offering continuous guidance throughout the learning process."			A	1	Teaching Psychomotor Skills	Tools for Field and Clinical Learning > Preceptor Job Requirements	"Significant field experience and the ability to work with adult learners are essential for effective preceptorship, ensuring that teaching methods are adapted to adult learning needs. Relying solely on personal experiences can limit the educational scope and adaptability needed for teaching adults. Focusing only on technical skills ignores the broader educational needs of adult learners, such as motivation and self-direction. Providing feedback only when mistakes occur misses opportunities for positive reinforcement and continuous improvement."	"Foundations of Education, page 368"
Chapter 19	INST-3E-663	Explain why preceptor training is crucial for effective EMS education.	Single	"Preceptor training should include comprehensive instruction in adult learning principles, effective feedback methods, and evidence-based teaching strategies to ensure quality clinical education."	"Experience alone, without any formal training in educational methods or feedback techniques, is sufficient for effective preceptorship in clinical settings."	"Preceptor training is optional and not necessary for clinical instructors, as natural teaching ability and clinical experience are adequate for student supervision."	"The focus should be on technical skills and clinical procedures rather than teaching methodologies, educational theory, or strategies for effective student instruction."			A	2	Teaching Psychomotor Skills	Tools for Field and Clinical Learning > Preceptor Training	Preceptor training that includes adult learning principles and effective feedback methods enhances teaching effectiveness by fostering tailored and impactful educational experiences. Relying solely on experience overlooks the structured skills necessary for teaching and mentoring. Viewing preceptor training as optional misses the opportunity to standardize and improve teaching quality. Focusing only on technical skills neglects the broader educational approaches needed to address diverse learner needs.	"Foundations of Education, page 342"
Chapter 19	INST-3E-664	What is the KEY DIFFERENCE between effective team leadership and simply giving orders in an EMS setting?	Single	"Effective team leadership involves strategically assigning tasks and actively managing available resources to optimize patient care outcomes, rather than simply issuing orders to team members."	Team leadership in an EMS setting is primarily about giving direct orders to team members to ensure that all assigned tasks are completed efficiently.	Roles assigned to team members are fixed at the beginning of an incident and do not change or adapt throughout the duration of the emergency response.	"The primary function of team leadership in emergency medical services is delegation of tasks to appropriate personnel, which constitutes the core responsibility of the team leader."			A	4	Teaching Psychomotor Skills	Tools for Field and Clinical Learning > A Model for Teaching Team Leadership	"Effective team leadership includes task assignment and resource management to enhance patient care, adapting to dynamic situations. Viewing leadership as simply giving orders overlooks the need for adaptability and collaboration. Assuming that roles are fixed ignores the flexibility required to respond to changing circumstances. While delegation is important, focusing solely on it neglects the comprehensive coordination needed for effective team leadership."	"Foundations of Education, page 374"
Chapter 19	INST-3E-666	Which method is MOST EFFECTIVE for measuring student progress in the clinical environment?	Single	Document experiences and evaluate performance against clinical goals.	Student progress can be measured solely by the number of procedures performed.	Clinical experiences are too variable to track effectively.	Focus on competency-based education without documentation.			A	4	Teaching Psychomotor Skills	Tools for Field and Clinical Learning > Measuring Student Progress and Competency in the Clinical En	"Documenting experiences and evaluating them against clinical goals provides a comprehensive view of student progress, aligning with educational outcomes. Relying solely on procedure counts overlooks the qualitative aspects of learning and skill application. Assuming clinical experiences are too variable to track dismisses the potential for structured assessment methods. Focusing only on competency-based education without documentation misses the opportunity for reflective learning and feedback."	"Foundations of Education, page 378"
Chapter 20	INST-3E-668	An instructor is designing a midterm practical examination that will determine whether paramedic students can continue in the program or must remediate before proceeding. What characteristic makes this assessment high-stakes?	Single	"The student's program continuation depends on successful completion of this examination, establishing significant consequences for failure."	"The examination occurs at the midpoint of the program, representing a major milestone in the curriculum sequence."	"The assessment uses a practical format rather than written testing, requiring hands-on demonstration of clinical skills."	"The examination provides summative evaluation of student performance, measuring achievement of learning objectives to this point."			A	3	Evaluation Techniques	Assessing Learning > High-Stakes Assessments	"High-stakes assessments are defined by their consequences—specifically, that program continuation depends on passing—not by their timing, format, or evaluation purpose. The midpoint timing (distractor B) is irrelevant; high-stakes assessments can occur at any point when continuation consequences exist, though timing alone doesn't create high stakes. The practical format (distractor C) describes the assessment method but doesn't establish stakes; practical examinations can be low-stakes formative assessments or high-stakes continuation checkpoints. Summative evaluation (distractor D) is related since high-stakes assessments are typically summative, but not all summative assessments carry program continuation consequences—many summative assessments simply measure achievement without determining advancement, making them lower-stakes despite their evaluative purpose."	"Foundations of Education, page 391"
Chapter 20	INST-3E-673	"An EMS instructor develops a practical skills exam where students consistently receive similar scores when tested by different evaluators, but the exam tasks focus primarily on equipment setup rather than patient assessment competencies outlined in the course objectives. Which assessment principle does this scenario best illustrate?"	Single	The exam demonstrates high reliability but lacks validity because it consistently measures skills that do not align with the intended learning outcomes.	The exam demonstrates high validity but lacks reliability because it measures the correct competencies but produces inconsistent results across different evaluators.	The exam demonstrates both validity and reliability because consistent scoring across evaluators confirms that it measures the intended patient assessment competencies.	The exam demonstrates face validity because the equipment setup tasks appear relevant to EMS practice even though they do not measure patient assessment skills.			A	4	Evaluation Techniques	Assessing Learning > Validity of Assessment	"This scenario correctly illustrates that an exam can be highly reliable (consistent scores across evaluators) while lacking validity (not measuring the intended competencies). Reliability is necessary but insufficient for validity; an assessment must consistently measure the right thing, not just measure something consistently. The second option reverses the relationship—validity cannot exist without reliability, as you cannot accurately measure intended outcomes inconsistently. The third option incorrectly assumes that reliability automatically confers validity, which is a common misconception among new instructors. The fourth option describes face validity, which addresses whether an exam appears relevant but does not resolve the fundamental problem that the exam consistently measures the wrong construct relative to the stated learning objectives."	"Foundations of Education, page 394"
Chapter 20	INST-3E-675	"An instructor completes a research study comparing student scores on a newly developed capstone exam with their supervisor evaluation ratings during the first six months of employment. The correlation analysis shows r = 0.78, suggesting a strong relationship between exam performance and job performance. What type of validity has the instructor demonstrated?"	Single	"Predictive validity, because the exam scores successfully forecasted future workplace performance as measured through correlation between the predictor variable and criterion variable."	"Content validity, because the strong correlation demonstrates that the exam content aligns appropriately with the course objectives and essential job-related competencies for entry-level providers."	"Construct validity, because the correlation between exam scores and supervisor ratings confirms that the assessment measures the theoretical construct of clinical competence as intended."	"Concurrent validity, because the exam scores correlate strongly with supervisor evaluations, demonstrating that both measures assess similar aspects of provider performance at the same time."			A	3	Evaluation Techniques	Assessing Learning > Predictive Validity	"Predictive validity is correctly demonstrated here because the instructor measured exam scores (predictor variable) and then later correlated them with future job performance (criterion variable), which is the defining characteristic of predictive validity as a form of criterion validity. Content validity would be appropriate if the instructor were examining whether test items adequately represented the learning objectives, not whether they predicted future performance. Construct validity would be the focus if the instructor were determining whether the exam measures an underlying theoretical trait like clinical reasoning, rather than predicting actual workplace outcomes. Concurrent validity would apply if both measures (exam and supervisor ratings) were collected at the same point in time to demonstrate they assess similar constructs, rather than using one to predict the other temporally."	"Foundations of Education, page 395"
Chapter 20	INST-3E-678	An EMS instructor wants to ensure that a final examination for an EMT course has content validity. What is the most effective method to demonstrate that the exam possesses content validity?	Single	Document that each test item references a specific course objective and use an examination blueprint to ensure all objectives are proportionally represented across the exam.	Have several students review the exam after completion and ask them whether the questions appeared fair and seemed to cover material from the course lectures and textbook.	Ensure the examination includes questions from every chapter covered during the course and that the test format matches the style students expect based on previous assessments.	Compare student scores on this examination with their scores on practical skills evaluations to verify that students who perform well on skills also perform well on written tests.			A	1	Evaluation Techniques	Assessing Learning > Step 5: Specify How Validity Will Be Ensured	"Content validity is demonstrated through systematic documentation that links each examination item to specific course objectives, combined with blueprinting to ensure representative coverage of all objectives. This formal process provides evidence that the exam measures what it claims to measure based on the course's stated learning outcomes. Having students review for fairness describes face validity, which is a subjective judgment about whether a test appears appropriate but lacks the rigor of formal objective alignment. Including questions from every chapter may seem comprehensive but doesn't ensure alignment with objectives or appropriate weighting, as not all chapters may be equally important to course outcomes. Comparing written exam scores with practical performance addresses criterion-related validity, which examines how well test scores predict or correlate with other measures rather than whether items match course objectives."	"Foundations of Education, page 397"
Chapter 20	INST-3E-680	An EMS instructor is categorizing various assessments used throughout a paramedic program. Which assessment best represents a high-stakes assessment?	Single	"A comprehensive practical examination that students must pass to avoid dismissal from the paramedic program, with no retake opportunities provided during the current semester."	A final written examination administered at the end of the semester that accounts for 40% of the course grade and allows students multiple retake attempts.	A midterm practical skills evaluation that provides detailed feedback to students about their performance strengths and areas requiring additional practice before program completion.	A weekly quiz series designed to monitor student progress throughout the course and identify learning gaps that require instructor intervention before the final examination.			A	1	Evaluation Techniques	Assessing Learning > High-Stakes Assessments	"A high-stakes assessment is defined by the consequence that student continuation in the program depends on successful completion, making the comprehensive practical with no retake opportunities the correct answer. The final written examination worth 40% of the grade is summative but not high-stakes because multiple retake attempts reduce the program-continuation consequence. The midterm practical skills evaluation is formative in nature, designed primarily for feedback rather than determining program continuation. The weekly quiz series represents formative assessment appropriate for ongoing monitoring and instructional adjustment, but lacks the program-continuation consequences that define high-stakes testing."	"Foundations of Education, page 391"
Chapter 20	INST-3E-692	What is predictive validity in the context of EMS assessments?	Single	Predictive validity refers to the degree to which an examination or assessment tool can accurately predict or forecast a candidate's future performance in related conditions or settings.	"Predictive validity is essentially the same concept as face validity, with both terms being used interchangeably to describe how an assessment appears to measure what it intends to measure."	"All examinations and assessment instruments should demonstrate high levels of predictive validity regardless of their specific purpose, intended use, or the context in which they are being administered."	"Predictive validity is a completely separate psychometric property from criterion validity, with no relationship between these two distinct measurement concepts."			A	1	Evaluation Techniques	Assessing Learning > Predictive Validity	"Predictive validity measures an exam's ability to predict future performance in other conditions or settings, ensuring that the assessment forecasts future success. Predictive validity is actually an aspect of criterion validity, not the same as face validity—face validity concerns how an assessment appears to measure what it intends, while predictive validity focuses on forecasting future performance. Not all exams need high predictive validity; some assessments focus on other validity types depending on their purpose. Predictive validity is not separate from criterion validity; rather, it is one type of criterion validity, which also includes concurrent validity."	"Foundations of Education, page 395"
Chapter 21	INST-3E-694	What is the primary learning domain that written examinations are most effective at evaluating in EMS education?	Single	"Cognitive domain, as written tests measure knowledge, comprehension, and application of concepts but provide limited information about skill performance or attitudes"	"Psychomotor domain, as written tests can assess detailed procedural knowledge that directly correlates with a student's ability to perform clinical skills accurately"	"Affective domain, as written tests can evaluate professional attitudes and values through scenario-based questions that measure empathy and patient-centered thinking"	"All learning domains equally, as comprehensive written examinations with varied question formats can assess knowledge, skills, and attitudes with similar effectiveness"			A	1	Evaluation Techniques	Written Assessment > The Written Assessment	"Written examinations are most effective for evaluating the cognitive domain because they directly measure knowledge, comprehension, analysis, and application of concepts. The distractor suggesting psychomotor assessment is incorrect here because while written tests can assess knowledge about skills, they cannot evaluate actual skill performance, which requires hands-on practical examinations with direct observation. The affective domain distractor is inappropriate because attitudes, values, and professional behaviors must be assessed through sustained observation and behavioral assessments rather than written responses. The option suggesting equal effectiveness across all domains is incorrect because each domain requires domain-appropriate assessment methods—written tests for cognitive, practical examinations for psychomotor, and observational tools for affective learning outcomes."	"Foundations of Education, page 403"
Chapter 21	INST-3E-698	"An instructor calculates item difficulty for a 30-student class and finds that 21 students answered a particular question correctly. Using standard item analysis criteria, what should the instructor conclude about this item's statistical difficulty?"	Single	"The item has a difficulty of 0.70, which falls within the acceptable range of 30%-90% and indicates the item is appropriately challenging for the class."	"The item has a difficulty of 0.70, which exceeds the acceptable upper limit of 60% and should be revised to make it more challenging."	"The item has a discrimination index of 0.70, which indicates strong differentiation between high-performing and low-performing students."	"The item has a difficulty of 0.30, which falls below the acceptable range and suggests the question is too challenging for most students."			A	3	Evaluation Techniques	Written Assessment > Difficulty Level and Discrimination Index	"The correct answer properly calculates item difficulty (21÷30=0.70 or 70%) and recognizes this falls within the acceptable range of 30%-90% cited in standard item analysis guidelines, indicating the item is neither too easy nor too difficult. The second distractor incorrectly suggests an upper limit of 60%, when items with difficulty up to 90% are generally considered acceptable; this reflects a misunderstanding of acceptable difficulty ranges. The third distractor confuses item difficulty with the discrimination index, which is a separate statistical measure that evaluates how well an item distinguishes between strong and weak students rather than overall correctness rate. The fourth distractor miscalculates the difficulty value (inverting the calculation) and misinterprets what lower values mean; a difficulty of 0.30 would indicate only 30% answered correctly, suggesting the item may be too difficult or contain flaws."	"Foundations of Education, page 425"
Chapter 21	INST-3E-700	What is the primary characteristic that defines reliability in written examinations?	Single	The examination's ability to measure student performance consistently across multiple administrations and scoring applications.	The examination's ability to measure the specific learning objectives and competencies it was designed to assess.	The examination's ability to distinguish between high-performing students and low-performing students through item discrimination.	The examination's ability to produce scores that remain stable when students retake the same test after instruction.			A	1	Evaluation Techniques	Written Assessment > The Written Assessment	"Reliability refers to an examination's ability to measure consistently, meaning it produces dependable results across different administrations and when scored by different evaluators. This consistency is achieved through standardized administration procedures and objective scoring methods. The second option describes validity, which measures whether an exam tests what it intends to test—this is essential but distinct from reliability. The third option describes item discrimination, which is a statistical measure used in item analysis to evaluate individual question quality rather than overall exam reliability. The fourth option describes test-retest reliability, which is one specific type of reliability measurement but does not encompass the full definition of reliability as consistent measurement across all applications."	"Foundations of Education, page 403"
Chapter 21	INST-3E-706	"An instructor is developing a 60-question written exam for a comprehensive EMS course. The course blueprint allocates 35% to patient assessment, 25% to airway management, 20% to medical emergencies, and 20% to trauma. What should the instructor do to determine the appropriate number of questions for each content area?"	Single	"Multiply each percentage by the total exam length of 60 questions to calculate that patient assessment receives 21 questions, airway management 15 questions, and medical and trauma emergencies each receive 12 questions."	"Divide the total exam length by the number of content areas to ensure equal representation, then adjust slightly based on the percentages to give patient assessment and airway management one or two additional questions each."	"Review each course objective individually and assign specific test items to match them, then verify that the final distribution approximates the blueprint percentages for patient assessment, airway, medical, and trauma content areas."	"Weight each content area by multiplying the percentage by factors for criticality and difficulty, then distribute questions proportionally based on these weighted values to ensure higher-stakes content receives appropriate emphasis on the examination."			A	3	Evaluation Techniques	Written Assessment > Blueprint the Examination	"The correct approach to blueprinting involves the straightforward mathematical calculation of multiplying each assigned percentage by the total number of exam questions, which produces the precise distribution of items per content area (35% × 60 = 21, 25% × 60 = 15, 20% × 60 = 12). Dividing questions equally and then adjusting represents a backwards approach that undermines the purpose of establishing blueprint percentages in the first place, though equal distribution would be appropriate for courses where all objectives truly deserve identical emphasis. Assigning items to individual objectives rather than categories creates an unnecessarily granular approach that complicates test construction, though this method would be appropriate when developing item banks or when specific objective-level tracking is required for accreditation documentation. Weighting by criticality and difficulty factors represents an advanced technique used during the blueprint creation phase itself rather than during the question distribution phase, though this approach would be appropriate when initially determining what percentages to assign to each content area in the blueprint."	"Foundations of Education, page 405"
Chapter 21	INST-3E-707	"An instructor reviews a draft exam question that states: 'A 45-year-old patient presents with chest pain radiating to the left arm, diaphoresis, and shortness of breath. Blood pressure is 88/54 mmHg, heart rate is 118/min, and SpO2 is 91% on room air. What is your FIRST treatment priority?' The instructor wants to verify the cognitive level being tested. What cognitive level does this question primarily assess?"	Single	"Problem-solving level, because the student must prioritize competing interventions based on the patient's hemodynamic status and presenting signs in a novel clinical scenario."	"Application level, because the student must categorize the patient's signs and symptoms into a recognized pattern and apply standard treatment protocols to the situation."	"Recall level, because the student must remember the normal vital sign ranges and the classic presentation of acute coronary syndrome from their course materials."	"Problem-solving level, because the question includes multiple pieces of clinical data that the student must analyze, making it more complex than basic recall questions."			A	3	Evaluation Techniques	Written Assessment > Develop or Select Draft Examination Items > Question Levels	"This question tests problem-solving level because it requires students to make a judgment about treatment priorities in a novel situation where multiple interventions compete (airway/oxygen, fluid resuscitation, or medication administration), and the hemodynamic instability creates urgency requiring prioritization. The application-level interpretation would be appropriate if the question simply asked students to identify the condition or select an appropriate treatment without prioritization demands. The recall-level interpretation misidentifies the cognitive demand; while vital sign knowledge is required, the question's core demand is prioritizing actions, not remembering facts. The final distractor confuses item difficulty (complexity of data) with cognitive level; a question can include extensive data yet still test only recall if it asks for a memorized fact rather than judgment."	"Foundations of Education, page 406"
Chapter 21	INST-3E-709	"An instructor analyzes exam data from 50 students and finds that 10 students answered item #23 correctly, yielding a difficulty index of 0.20. What is the most appropriate action for this item?"	Single	"Review the item for technical flaws or ambiguous wording, as difficulty below 0.3 suggests the item may be problematic or the content was not effectively taught."	"Retain the item unchanged, as difficulty below 0.3 indicates it effectively discriminates between high and low performers and provides valuable assessment data."	"Celebrate the result as evidence of rigorous assessment standards, since difficulty near 0.0 demonstrates that only truly competent students can pass the examination."	"Calculate the discrimination index first, as difficulty values are meaningless without corresponding discrimination data to determine whether the item functions appropriately."			A	3	Evaluation Techniques	Written Assessment > Difficulty Level and Discrimination Index	"A difficulty index of 0.20 falls below the ideal range of 0.3-0.8, indicating that only 20% of students answered correctly, which suggests either a flawed item, ambiguous wording, content that was inadequately taught, or material beyond the appropriate cognitive level. The correct action is to review the item for technical problems before using it again. While discrimination data is valuable, difficulty values below 0.3 independently signal potential problems that warrant investigation regardless of discrimination performance. Retaining such items without review risks unfair assessment and invalid test results. Celebrating extremely low difficulty misunderstands the purpose of assessment; items should measure competence, not create artificial failure, and difficulty near 0.0 suggests measurement problems rather than rigor. Discrimination analysis complements difficulty data but does not replace the need to address items outside acceptable difficulty ranges."	"Foundations of Education, page 425"
Chapter 22	INST-3E-728	An EMS program director is revising the skills evaluation process for airway management competencies. Several instructors report inconsistent pass/fail decisions when using the current checklist that rates performance quality on a 1-5 scale. Which modification would most effectively improve inter-rater reliability across multiple evaluators?	Single	Replace the rating scale with dichotomous scoring where each critical action is marked as performed or not performed by the student.	Expand the current rating scale from five points to seven points to provide evaluators with more granular assessment options for each skill component.	Implement a holistic rubric that allows evaluators to assign overall performance scores based on their professional judgment of student competence.	Develop a Likert-style assessment tool that captures evaluator perceptions of student confidence levels during each phase of the airway procedure.			A	4	Evaluation Techniques	Other Assessment Tools > Skills Evaluation	"Dichotomous scoring (performed/not performed) is the most reliable method for skills checklists because it reduces evaluator subjectivity and creates clear, standardized criteria that different raters can apply consistently. Expanding to a seven-point scale would actually decrease reliability by introducing more subjective interpretation points where evaluators must distinguish between adjacent performance levels. Holistic rubrics serve valuable purposes in assessing complex integrated performances but lack the standardization needed when multiple evaluators must make consistent pass/fail decisions on discrete psychomotor skills. Likert scales are designed for measuring attitudes and perceptions in surveys rather than objectively documenting whether specific procedural steps were completed correctly during skills performance."	"Foundations of Education, page 434"
Chapter 22	INST-3E-742	Which statement BEST describes the role of critical steps in skills evaluation for EMS competencies?	Single	Critical steps are specifically identified on performance checklists and weighted so that failure to perform any one correctly may result in overall failure of the skills examination.	Critical steps represent the most technically difficult procedures on the checklist and should be attempted only after students demonstrate proficiency with basic foundational skills.	Critical steps are distributed equally throughout the performance checklist to ensure that all components of patient care receive balanced attention during summative skills assessment.	Critical steps serve as benchmarks during task analysis to help instructors identify which psychomotor skills require the most detailed demonstration before students attempt independent practice.			A	2	Evaluation Techniques	Other Assessment Tools > Skills Evaluation	"Critical steps are predetermined essential actions that must be performed correctly because they directly impact patient safety or outcome; failure to complete any critical step appropriately can result in failing the entire evaluation regardless of performance on other checklist items. The second distractor confuses critical steps with difficult steps, when in reality critical steps are determined by importance to patient safety rather than technical complexity and would be appropriate when discussing prerequisite skill hierarchies. The third distractor incorrectly suggests equal weighting across all steps, which would be appropriate when discussing formative assessment or practice scenarios where comprehensive feedback is prioritized over pass/fail decisions. The fourth distractor misidentifies critical steps as part of task analysis methodology, when task analysis is actually the instructional design process used to create the checklist itself, making this concept appropriate when discussing curriculum development rather than evaluation standards."	"Foundations of Education, page 434"
Chapter 22	INST-3E-750	"An EMS program director receives a proposal from faculty members to create three different versions of the final written examination: a traditional multiple-choice format, a concept-mapping visual format, and an oral examination format. Faculty argue this approach allows students to demonstrate knowledge through their preferred learning style. How should the director respond to ensure valid assessment practices?"	Single	"Maintain a single standardized examination format because research demonstrates that learning preferences do not impact assessment performance, and standardization ensures validity and fairness across all test-takers."	Implement all three examination formats and allow students to select their preferred version because accommodating different learning preferences increases student confidence and reduces test anxiety during high-stakes assessments.	"Create the three different formats but randomly assign students to each version to gather institutional data on whether visual, auditory, or kinesthetic learners perform better on matched assessment types."	Develop the varied formats as suggested because Gardner's multiple intelligences theory indicates that students possess different cognitive strengths that should be measured through appropriately matched assessment methods.			A	5	Evaluation Techniques	Other Assessment Tools > Varied Types of Assessment	"Maintaining standardized examination format is correct because empirical research has consistently failed to demonstrate that matching assessment methods to learning preferences improves comprehension or performance, and standardization is essential for ensuring all students face equivalent difficulty and valid score interpretation. Allowing student selection of format would compromise validity by introducing uncontrolled variables and making score comparison impossible across different assessment methods. Random assignment to gather data might seem scientifically sound, but it introduces unnecessary complexity and still compromises standardization without addressing that learning style matching lacks empirical support. Implementing varied formats based on Gardner's theory confuses the distinction between intelligence types and learning preferences, and while multiple intelligences may describe cognitive strengths, valid assessment requires consistent measurement standards rather than individualized formats."	"Foundations of Education, page 433"
Chapter 22	INST-3E-754	An instructor is preparing a skills evaluation for practical skills assessment. What should they DO to ensure objectivity?	Single	Use checklists developed from task analysis.	Rely on subjective observations by experienced instructors.	Implement polytomous scoring for more nuanced evaluation.	Focus on all steps in a checklist as equally critical.			A	3	Evaluation Techniques		"Using checklists developed from task analysis ensures objectivity by providing a clear, standardized evaluation method. 'Rely on subjective observations by experienced instructors' could be effective when the focus is on nuanced skill assessment, but this scenario requires objective consistency. 'Implement polytomous scoring' is valuable for detailed feedback but may not ensure reliability in this context. 'Focus on all steps in a checklist as equally critical' is not the most effective approach unless each step directly impacts skill competency, which may not be the case here."	
Chapter 22	INST-3E-757	What IS the purpose of competency portfolios in EMS education?	Single	To document psychomotor competency through multiple assessments across different settings.	To serve as a substitute for written examinations in EMS education.	To focus exclusively on cognitive skills development.	To evaluate emotional readiness for emergency situations.			A	1	Evaluation Techniques		"Competency portfolios document psychomotor skills comprehensively by incorporating multiple assessments across different settings. 'To serve as a substitute for written examinations' would be appropriate if the focus were on alternative assessment formats, but here, the emphasis is on documenting practical skills. 'To focus exclusively on cognitive skills development' addresses intellectual growth but does not align with the psychomotor focus of portfolios. 'To evaluate emotional readiness for emergency situations' is not the most effective approach unless emotional readiness is directly assessed through psychomotor tasks, which is not the case here."	
Chapter 22	INST-3E-758	Which statement BEST DESCRIBES the impact of scenarios on skills performance in EMS assessments?	Single	Scenarios used in EMS assessments must be critically evaluated and appropriately modified to ensure they provide valid and reliable measurements of skills performance.	"All scenarios, regardless of their design or content, are equally effective tools for assessing skills performance in EMS educational settings."	Modifications made to scenario design and implementation do not have any meaningful effect on the validity of skills performance assessments.	Scenarios are primarily useful as educational tools for evaluating theoretical knowledge rather than for assessing practical skills performance in EMS.			A	2	Evaluation Techniques		"Critically evaluating and modifying scenarios ensures they provide valid and reliable assessments by aligning them with learning objectives. 'All scenarios are equally effective' is not the most effective approach unless each scenario is tailored to specific skills, which may not always be the case. 'Scenario modifications do not affect validity' would be appropriate if validity were solely content-based, but here, alignment with objectives is crucial. 'Scenarios are primarily useful for evaluating theoretical knowledge' addresses content understanding but does not focus on practical skill assessment, which is the priority in this context."	
Chapter 23	INST-3E-765	An EMS training program director is developing a new curriculum for an advanced EMT course. When should the director establish remediation policies and procedures for the program?	Single	"Before the course begins, ensuring all remediation policies and procedures are documented and ready to implement when needed"	"After the first cohort completes the program, using actual student performance data to guide remediation policy development"	"When the first student demonstrates academic difficulty, creating customized remediation procedures based on specific student needs"	"During the midpoint of the course, after initial assessments reveal which students may require additional support and intervention"			A	1	Remediation	Remediation > OBJECTIVES	"Quality educational programs must proactively establish remediation policies and procedures before instruction begins, giving instructors maximum control over the process and ensuring consistency in student support. Waiting until after the first cohort completes would be appropriate for program evaluation and revision but leaves the initial students without structured remediation support. Developing policies when the first student struggles represents a reactive approach that may result in inconsistent application and potential fairness concerns across different students. Creating policies at the course midpoint would be useful for formative program assessment but still leaves early-struggling students without established procedures and may appear as a response to specific individuals rather than a systematic approach."	"Foundations of Education, page 451"
Chapter 23	INST-3E-772	Which statement BEST describes the fundamental purpose of remediation in EMS education?	Single	"Remediation involves analyzing performance deficits, identifying specific gaps in knowledge or skills, and creating a structured plan for retraining before any retesting occurs."	Remediation focuses on scheduling additional testing opportunities for students who did not pass initial assessments to provide them with multiple chances to demonstrate competency.	Remediation ensures that all students eventually meet minimum performance standards through repeated practice sessions and simplified assessment criteria until they achieve passing scores.	Remediation provides immediate retesting after a failed assessment to identify whether the student's poor performance was due to test anxiety rather than actual knowledge deficits.			A	2	Remediation	Remediation > Remediation Defined	"The correct answer accurately captures remediation as a systematic process that includes analysis, identification of deficits, and planned retraining before retesting, which is the complete definition of remediation in EMS education. The first distractor confuses remediation with simple retesting without intervention, when retesting is actually the final step that occurs after remediation is complete. The second distractor incorrectly suggests remediation guarantees success through lowered standards, when remediation actually maintains standards while providing targeted support to help students reach them. The third distractor mistakes immediate retesting for remediation, when immediate retesting would be appropriate only to rule out testing conditions as a variable, not as a remediation strategy."	"Foundations of Education, page 452"
Chapter 23	INST-3E-777	An EMS instructor is hired to teach an upcoming EMT course that begins in six weeks. The program director asks the instructor to review the existing curriculum materials. What should the instructor prioritize regarding remediation during this preparation period?	Single	Review and understand the program's existing remediation policies and procedures to ensure familiarity with the established framework before instruction begins.	Wait to address remediation concerns until after the first exam to assess which students will require individualized intervention and support strategies.	"Focus exclusively on developing engaging lesson plans and assessment tools, as remediation strategies can be developed if student performance issues emerge."	"Develop a student advocacy approach that emphasizes support over assessment, ensuring that remediation feels collaborative rather than punitive to learners."			A	3	Remediation	Remediation > OBJECTIVES	"Quality educational programs establish remediation policies and procedures proactively, before student needs arise, giving instructors maximum control and consistency. Understanding existing policies during preparation ensures the instructor can implement them effectively from day one. Waiting until after the first exam represents a reactive approach that limits instructor control and may delay necessary interventions. Focusing exclusively on lesson planning while deferring remediation planning creates gaps in instructional preparedness and suggests remediation is secondary rather than integral to program quality. While student advocacy is important philosophically, it represents the underlying value system rather than the concrete procedural framework that must be established proactively."	"Foundations of Education, page 451"
Chapter 23	INST-3E-779	What IS remediation in the context of EMS education?	Single	"Remediation is the systematic process of analyzing and identifying specific performance deficiencies in students, then developing and implementing a targeted plan to improve their performance."	Remediation is a process that guarantees all students will successfully meet the required performance standards and competencies regardless of their initial skill level or knowledge gaps.	"Remediation is only necessary for students who fail written exams or practical assessments, and is not applicable to students who pass their initial evaluations."	Remediation consists of general tutoring sessions that are designed to reinforce existing knowledge and review previously covered material without targeting specific performance deficiencies.			A	1	Remediation		"Remediation involves a structured process of identifying and addressing performance gaps, ensuring targeted improvement for each student. Assuming that remediation guarantees success is misleading, as it depends on various factors including student engagement and strategy effectiveness. Providing tutoring sessions can support learning, but does not replace the systematic approach of remediation. Remediation is also valuable for students at risk of underperformance, not just those who have already failed."	
Chapter 23	INST-3E-780	Which statement BEST DESCRIBES when remediation is warranted for a student?	Single	Remediation is warranted when a student does not meet the established performance standards that have been set for their educational program.	Remediation should only be considered as an option after a student has experienced multiple failures in meeting course requirements and expectations.	"Remediation is intended to be punitive in nature rather than supportive, serving as a consequence for poor performance instead of a learning opportunity."	Academic probation status is considered a prerequisite requirement that must be met before a student can be eligible to participate in remediation activities.			A	2	Remediation		"Remediation is initiated when a student fails to meet specific performance criteria, providing support to help them reach the desired standards. Waiting for multiple failures delays necessary intervention, potentially worsening the deficiency. Viewing remediation as punitive misconstrues its supportive intent, aimed at assisting student development. Academic probation is a separate process that may indicate the need for remediation, but is not a requirement for it."	
Chapter 24	INST-3E-788	Which document replaced the EMS Agenda for the Future (1996) when it sunsetted in 2016?	Single	"EMS Agenda 2050, which shifted focus to people-centered, value-based, coordinated care with enhanced educational planning"	"EMS Strategic Plan 2020, which maintained provider-centered approaches while updating clinical competency requirements for education"	"National EMS Education Standards 2030, which consolidated all paramedic training requirements into a single federal document"	"EMS System Development Framework 2025, which emphasized rural system integration and updated credentialing processes for educators"			A	1	Administrative Issues	Administrative Issues > National Curricular and Administrative Issues	"EMS Agenda 2050 is the correct successor document that replaced the 1996 Agenda when it sunsetted in 2016, introducing a paradigm shift toward people-centered, value-based care that significantly impacts educational program design and planning. The EMS Strategic Plan 2020 is a plausible distractor because strategic planning documents do exist in EMS, but this specific document did not replace the 1996 Agenda and the provider-centered approach represents the old paradigm rather than the new direction. The National EMS Education Standards 2030 sounds credible since Education Standards are real guiding documents in EMS education, but they serve a different purpose focused on curriculum content rather than system-wide agenda setting. The EMS System Development Framework 2025 incorporates legitimate EMS concerns like rural integration and credentialing, but this is not the actual successor document and would represent a narrower operational focus rather than the comprehensive vision provided by Agenda 2050."	"Foundations of Education, page 438"
Chapter 24	INST-3E-796	An EMS program director is implementing a framework to address student errors and policy violations. What is the primary purpose of a Just Culture approach in an educational setting?	Single	To balance individual accountability with system learning while fostering behaviors that reflect program values and safety culture	To establish uniform punitive consequences for all policy violations regardless of intent or contributing factors	To focus exclusively on clinical skill errors while referring all professional behavior issues to academic affairs	To eliminate individual accountability by attributing all student mistakes to programmatic or systemic design flaws			A	1	Administrative Issues	Administrative Issues > Just Culture/Corrective Action	"Just Culture is designed to balance individual accountability with system learning, encouraging behaviors that align with program values within a culture of safety. This approach recognizes that errors and violations require examination of both individual actions and contributing system factors. The second option represents a purely punitive approach that ignores system factors and intent, which would be appropriate in zero-tolerance policies but contradicts Just Culture principles. The third option incorrectly limits Just Culture to clinical errors, when it actually applies to all aspects of student conduct including professionalism and academic integrity. The fourth option eliminates individual accountability entirely, which would be characteristic of a blame-free culture rather than Just Culture, where accountability remains essential alongside system improvement."	"Foundations of Education, page 488"
Chapter 24	INST-3E-798	An EMS education coordinator is developing a continuing education program on advanced airway management that will be delivered both as live workshops and through an online platform. The coordinator wants to ensure participants can use the credits for recertification in multiple states. Which statement BEST describes the primary benefit of obtaining CAPCE accreditation for this program?	Single	"CAPCE accreditation ensures the continuing education program meets national standards for educational design, physician oversight, and current references, facilitating multi-state CE credit recognition for participants."	"CAPCE accreditation provides programmatic approval similar to initial EMS education programs, ensuring graduates meet National EMS Education Standards and can practice in multiple states without additional certification."	"CAPCE accreditation validates that the continuing education content aligns with state-specific recertification requirements, guaranteeing automatic acceptance by all state EMS offices for license renewal purposes."	"CAPCE accreditation establishes that the program meets distance learning technology standards, ensuring online delivery platforms comply with federal regulations for interstate commerce and student data protection."			A	2	Administrative Issues	Administrative Issues > National EMS Education Program Accreditation	"CAPCE (Commission on Accreditation for Pre-Hospital Continuing Education) specifically reviews and accredits EMS-related continuing education programs, requiring sound educational design, physician oversight, current references, and appropriate infrastructure. This accreditation is particularly valuable for earning CE credits across state lines, as many states recognize CAPCE-accredited programs for recertification purposes. The second option incorrectly conflates CAPCE with CAAHEP, which accredits initial education programs, not continuing education. The third option overstates CAPCE's authority—while CAPCE accreditation is widely recognized, individual states retain autonomy over their specific recertification requirements and may have additional criteria. The fourth option focuses narrowly on technology standards rather than the comprehensive educational quality standards that CAPCE actually evaluates, including content validity, instructional methodology, and medical oversight."	"Foundations of Education, page 470"
Chapter 24	INST-3E-800	An instructor encounters a prospective paramedic student who completed a 16-week accelerated paramedic program and now wishes to take the NREMT paramedic certification exam. The program was state-approved but not CAAHEP-accredited. What should the instructor advise the student?	Single	"The student is ineligible for NREMT paramedic certification because CAAHEP accreditation requires programs to be at least one academic year in length, and only graduates from CAAHEP-accredited programs may sit for the NREMT paramedic exam."	The student should contact their state EMS office to obtain a state-approved equivalency certificate that will allow them to take the NREMT paramedic exam despite the program not being CAAHEP-accredited.	The student can take the NREMT paramedic exam because state approval of EMS programs is equivalent to CAAHEP accreditation for the purposes of national certification eligibility in most jurisdictions.	The student should enroll in additional continuing education courses through a CAPCE-accredited provider to meet the clinical hour requirements necessary for NREMT paramedic exam eligibility despite the shorter program length.			A	3	Administrative Issues	Administrative Issues > National EMS Education Program Accreditation	"The correct answer accurately reflects that NREMT paramedic certification eligibility requires graduation from a CAAHEP-accredited program, and CAAHEP does not accredit programs shorter than one academic year, making this 16-week program ineligible regardless of state approval. The distractor about state equivalency certificates sounds plausible but confuses state licensure pathways with NREMT national certification requirements, which strictly mandate CAAHEP graduation. The distractor equating state approval with CAAHEP accreditation reflects a common misconception; while some states may license paramedics from non-CAAHEP programs, this does not grant NREMT eligibility. The CAPCE distractor incorrectly suggests continuing education can substitute for programmatic accreditation; CAPCE accredits continuing education for recertification, not initial certification eligibility, and cannot remedy the absence of CAAHEP accreditation for entry-level paramedic education."	"Foundations of Education, page 470"
Chapter 24	INST-3E-808	An EMS instructor is developing a 12-hour advanced medical emergencies course intended to provide continuing education credits for paramedics working in multiple states. Which statement BEST describes the primary benefit of pursuing CAPCE accreditation for this program?	Single	CAPCE accreditation enables participants to earn CE credits that are recognized across state lines through standardized educational design and physician oversight requirements.	CAPCE accreditation provides programmatic approval for initial paramedic education programs through evaluation of clinical site partnerships and student outcome data.	CAPCE accreditation establishes the legal authority to issue nationally recognized EMS certifications that exempt graduates from individual state licensure examinations.	CAPCE accreditation ensures that online continuing education courses meet federal distance learning standards through verification of learning management system capabilities.			A	2	Administrative Issues	Administrative Issues > National EMS Education Program Accreditation	"CAPCE (Commission on Accreditation for Pre-Hospital Continuing Education) specifically accredits continuing education programs, not initial education programs, and ensures that courses meet standards for sound educational design, physician oversight, current references, and appropriate infrastructure. This standardized approach facilitates multi-state CE credit recognition, addressing the instructor's goal of serving paramedics across jurisdictions. Option B confuses CAPCE with CAAHEP, which accredits initial paramedic education programs and evaluates different standards including clinical partnerships. Option C misrepresents CAPCE's scope; it accredits CE courses but does not grant certification authority or exemptions from state licensure requirements. Option D partially describes valid considerations for online CE, but CAPCE's primary benefit extends beyond just online delivery to encompass all CE formats (live, online, and virtual) with emphasis on educational quality and multi-state recognition rather than solely technology standards."	"Foundations of Education, page 470"
Chapter 24	INST-3E-811	An EMS program director is reviewing foundational documents to understand the complete domain of out-of-hospital emergency care knowledge. Which document defines the entire scope of EMS knowledge and skills without assigning them to specific provider levels?	Single	"The National EMS Core Content, developed through collaboration between the National Association of EMS Physicians and the American College of Emergency Physicians"	"The National EMS Education Standards, developed through collaboration between the National Highway Traffic Safety Administration and state EMS medical directors"	"The National EMS Scope of Practice Model, developed through collaboration between the National Registry of Emergency Medical Technicians and state licensing agencies"	"The National EMS Curriculum, developed through collaboration between the Committee on Accreditation of Educational Programs for the Emergency Medical Services Professions and regional coordinators"			A	1	Administrative Issues	Administrative Issues > National EMS Core Content	"The National EMS Core Content (2005) is the foundational document that defines the entire domain of EMS knowledge and skills without assigning competencies to any specific certification level, led by medical organizations NAEMSP and ACEP. The National EMS Education Standards would be appropriate when discussing the minimum terminal learning objectives required for each provider level and how content should be taught. The National EMS Scope of Practice Model would be correct when identifying which skills and interventions are appropriate for EMTs, AEMTs, and paramedics at the state level. The National EMS Curriculum would be relevant when discussing specific lesson plans and instructional guidelines that programs historically followed before the transition to competency-based education."	"Foundations of Education, page 469"
Chapter 24	INST-3E-814	Which statement BEST DESCRIBES the National EMS Core Content?	Single	The National EMS Core Content defines the entire domain of EMS knowledge and skills without assigning these to specific provider levels.	The Core Content assigns specific skills and competencies to designated EMS provider levels rather than presenting a comprehensive domain overview.	The Core Content is only relevant to paramedics and does not apply to other EMS provider levels or certifications.	The Core Content focuses exclusively on the cognitive domain without addressing psychomotor or affective learning domains in EMS education.			A	2	Administrative Issues	Administrative Issues > National EMS Core Content	"The National EMS Core Content defines the comprehensive domain of EMS knowledge and skills, providing a foundation without specifying provider levels. Assigning skills to specific EMS provider levels is not the most effective approach unless the focus is on the National EMS Scope of Practice Model, which delineates levels. The notion that the Core Content is only relevant to paramedics could be effective when discussing paramedic-specific guidelines, however, this scenario requires a broader understanding that applies to all EMS levels. Focusing exclusively on the cognitive domain addresses knowledge acquisition but does not encompass the full scope of EMS skills and competencies."	"Foundations of Education, page 469"
Chapter 24	INST-3E-816	What is the KEY DIFFERENCE between institutional rules and program-specific policies in the context of EMS education?	Single	"Institutional rules ensure program and institutional accreditation through adherence to specific regulations, while program-specific policies are tailored to address the unique operational needs of the EMS program."	"Institutional rules are merely suggestions that can be ignored when inconvenient for the program, while program-specific policies are mandatory requirements that must be followed at all times."	"Institutional rules focus solely on academic performance and classroom-based learning outcomes, while program-specific policies are designed to address clinical skills development and practical competencies in the field."	"Institutional rules serve as temporary guidelines that change frequently based on circumstances, while program-specific policies are permanent standards that remain fixed and unchanging over time."			A	4	Administrative Issues	Administrative Issues > Institutional Issues	"Institutional rules ensure program and institutional accreditation by adhering to specific regulations, which is crucial for maintaining standards and recognition. The idea that institutional rules are suggestions is a misconception, as they are mandatory for compliance and accreditation. Focusing solely on academic performance is not the most effective approach unless discussing specific academic policies, as institutional rules encompass a broader scope including conduct and safety. Describing institutional rules as temporary could be effective when revising interim policies, however, this scenario requires understanding their ongoing role in accreditation."	"Foundations of Education, page 472"
Chapter 25	INST-3E-817	"When teaching EMS students about legal liability, how should an instructor define a tort?"	Single	"A private or civil wrong or injury, other than breach of contract, for which the law allows a remedy through compensation or damages"	A criminal violation that results in prosecution by the state and may lead to incarceration or fines imposed by the court system	A failure to fulfill the terms of a legally binding agreement between two parties that results in financial loss or other damages	An intentional act committed with malice or deliberate intent to cause harm that violates established standards of professional conduct			A	1	Legal Issues	Legal Issues for EMS Educators > Tort Law	"A tort is correctly defined as a private or civil wrong, distinct from breach of contract, for which legal remedies exist. This definition encompasses both intentional and negligent acts that cause injury or harm. The criminal violation option would be appropriate when discussing criminal law, which involves prosecution by the state rather than civil remedies between private parties. The breach of contract option would be correct when teaching about contract law, but breach of contract is specifically excluded from the definition of tort. The intentional act option would be relevant when discussing intentional torts specifically, but this incorrectly excludes negligent torts, which comprise the majority of healthcare-related tort cases."	"Foundations of Education, page 500"
Chapter 25	INST-3E-819	An EMS instructor is sued for malpractice after a student allegedly sustains an injury during skills practice due to inadequate supervision. The instructor's attorney is preparing the defense strategy. Which approach best addresses the legal requirement for establishing the elements of professional malpractice in this case?	Single	"Prepare to retain a qualified EMS education expert witness who can testify about whether the instructor's supervision met professional standards of care, as most jurisdictions require expert testimony to establish all elements of malpractice."	"Gather testimony from other instructors at the program who can provide character references and describe the defendant's teaching methods, as peer testimony typically satisfies the requirement for establishing professional standards."	"Collect statements from students who were present during the incident describing what occurred, as firsthand witness accounts generally fulfill the evidentiary requirements for demonstrating adherence to professional duty."	"Compile documentation showing the instructor's certifications and years of experience in EMS education, as credentials alone typically establish whether the standard of care was met in professional malpractice litigation."			A	5	Legal Issues	Legal Issues for EMS Educators > Negligence	"The correct answer recognizes that expert testimony is legally required in most jurisdictions to establish all elements of professional malpractice, including defining the standard of care, demonstrating breach, and establishing causation. Peer character references, while valuable for demonstrating reputation, cannot substitute for qualified expert testimony regarding professional standards in malpractice proceedings. Student eyewitness testimony establishes facts about what occurred but cannot determine whether professional standards were met without expert interpretation. Credentials and experience documentation support an instructor's qualifications but do not themselves prove adherence to standards of care; expert analysis is still required to evaluate whether actions met professional expectations."	"Foundations of Education, page 502"
Chapter 25	INST-3E-827	Which statement BEST DESCRIBES the primary purpose of a clinical affiliation agreement between an EMS educational program and a hospital-based clinical site?	Single	To establish the formal legal relationship between institutions and clarify that students are learners who cannot replace paid clinical staff members	To document the administrative procedures for student scheduling and ensure that the clinical site maintains adequate malpractice insurance coverage for all participants	To transfer legal liability for student actions from the educational institution to the clinical site during all supervised patient care activities	To create binding employment contracts between students and clinical sites that guarantee future job placement upon successful program completion and graduation			A	2	Legal Issues	Legal Issues for EMS Educators > Program Clinical Affiliation Agreements	"Clinical affiliation agreements serve as legally binding documents that define the educational relationship between institutions and explicitly establish that students are present for learning purposes, not as substitutes for employed personnel. This distinction protects both students and institutions from liability issues and labor law violations, as outlined in the 'Framework for Clinical Education Agreements' and 'Student–Employee Relationships' sections (p. 513). The administrative scheduling documentation answer addresses operational logistics but misses the fundamental legal purpose of defining the student-institution relationship and preventing workforce substitution. The liability transfer answer reflects a misconception, as affiliation agreements typically clarify shared responsibilities rather than completely transferring liability from one party to another. The employment contract answer is incorrect because affiliation agreements specifically establish that students are NOT employees and have no employment relationship or job placement guarantees with clinical sites."	"Foundations of Education, page 512"
Chapter 25	INST-3E-831	Which statement BEST DESCRIBES the role of expert testimony in professional malpractice cases involving EMS educators?	Single	"In many states, expert testimony is required to establish all elements of professional malpractice, and some jurisdictions require expert certification of merit before filing."	"Expert testimony is optional in most malpractice cases, as the judge typically determines the applicable standard of care based on statutory requirements."	Any credentialed healthcare provider can serve as an expert witness regardless of their familiarity with EMS education standards or instructional practices.	The plaintiff in a malpractice case may testify about professional standards of care if they have completed basic training in the profession being evaluated.			A	2	Legal Issues	Legal Issues for EMS Educators > Negligence	"Expert testimony is legally required in most states to establish what the standard of care should have been, whether it was breached, and whether that breach caused harm—all essential elements of malpractice. Some jurisdictions go further by requiring a certified expert to review the case and attest to its merit before a lawsuit can proceed, preventing frivolous litigation. The second option incorrectly suggests expert testimony is optional and that judges independently determine standards, when in fact judges rely on qualified experts to establish professional standards in specialized fields. The third option fails to recognize that experts must be qualified specifically in the relevant field—EMS education expertise would be necessary, not just general healthcare credentials. The fourth option misunderstands that plaintiffs cannot serve as their own experts simply because they have training; establishing professional standards requires an objective, qualified expert with appropriate credentials and experience in the specific field at issue."	"Foundations of Education, page 502"
Chapter 25	INST-3E-834	An EMS instructor receives a call from a hospital preceptor who reports that a paramedic student has successfully completed five supervised IV cannulations in the skills lab and now wants to attempt the procedure independently on a patient while the preceptor completes paperwork at the nurses' station. What should the instructor advise the preceptor?	Single	"The student must perform the invasive skill under direct observation with the preceptor physically present at bedside, regardless of previous lab competency demonstrations."	The student may perform the skill independently if the preceptor remains immediately available within the clinical area to respond if assistance is needed.	The student may proceed independently since successful completion of five supervised attempts demonstrates sufficient competency to work without direct observation during clinical rotations.	"The student may perform the skill if a registered nurse agrees to observe the procedure, since nursing licensure meets supervision requirements for paramedic students."			A	3	Legal Issues	Legal Issues for EMS Educators > Clinical Instruction	"Students must perform invasive skills and medication administration only under direct observation and supervision, meaning the preceptor must be physically present to observe the procedure, not merely available nearby. The distractor about being 'immediately available' reflects the common misconception that supervision means proximity rather than direct observation, though this standard would be appropriate for non-invasive assessments or patient interactions. The distractor about independent practice after demonstrating competency addresses the misconception that lab proficiency eliminates supervision requirements, though competency validation is appropriate for skills lab sign-off and progression decisions. The distractor about RN supervision reflects misunderstanding of the requirement that supervisors must be licensed at or above the student's training level, though RN collaboration is appropriate for interprofessional learning experiences where the EMS preceptor maintains primary supervisory responsibility."	"Foundations of Education, page 506"
Chapter 26	INST-3E-848	A paramedic program director receives notification that a site visit has been scheduled. Which organization conducts the comprehensive evaluation and submits accreditation recommendations based on the established standards?	Single	CoAEMSP reviews the program against published standards and forwards recommendations to CAAHEP for the final accreditation decision.	CAAHEP conducts all site visits independently and makes both the evaluation and the final accreditation decision without external recommendations.	NREMT performs the program evaluation as the certification body and submits findings to CoAEMSP for the accreditation determination.	The program's advisory committee completes the self-study review and provides accreditation recommendations directly to the institutional administration.			A	1	Administrative Issues	Who Are CoAEMSP and CAAHEP?	"CoAEMSP serves as the Committee on Accreditation that conducts site visits, evaluates paramedic programs against published standards, and makes recommendations to CAAHEP, which holds the authority to grant accreditation status. CAAHEP making independent decisions would bypass the committee structure designed to provide specialized expertise in EMS education evaluation. NREMT certifies individual practitioners rather than accrediting educational programs, so this organization would be appropriate for discussing credentialing pathways but not program accreditation processes. Advisory committees provide program-level guidance on curriculum and community needs, making them valuable for program improvement discussions but not for understanding the formal accreditation relationship between CoAEMSP and CAAHEP."	"Foundations of Education, page 534"
Chapter 26	INST-3E-849	Which statement BEST DESCRIBES the impact of the 2013 NREMT initiative on paramedic education program accreditation requirements?	Single	"The initiative required all paramedic candidates to graduate from CAAHEP-accredited programs or programs with a CAAHEP letter of review for national certification eligibility, which significantly increased accreditation participation rates."	The initiative established voluntary accreditation standards that programs could choose to adopt while maintaining state-level certification pathways as the primary credentialing mechanism.	The initiative created reciprocity agreements between states that allowed paramedics certified in one jurisdiction to practice nationally without additional accreditation requirements.	The initiative recommended that programs pursue CoAEMSP accreditation but preserved alternative pathways to national certification for graduates of state-approved programs.			A	2	Administrative Issues	NREMT Initiative and the Growth of Accreditation	"The 2013 NREMT initiative mandated that paramedic candidates graduate from CAAHEP-accredited programs or programs holding a CAAHEP letter of review to be eligible for national certification. This requirement transformed accreditation from voluntary to effectively mandatory, dramatically increasing program participation in the accreditation process. It is important to note that CAAHEP is the accrediting body, while CoAEMSP serves as the Committee on Accreditation that recommends programs to CAAHEP for accreditation. The voluntary accreditation option describes the pre-2013 landscape when programs could choose whether to seek accreditation. Reciprocity agreements relate to interstate credential recognition and licensure portability, which remain separate state-level considerations. The final option incorrectly references CoAEMSP as the accreditor and mischaracterizes the initiative's binding nature; while states retain separate licensure authority, the NREMT requirement eliminated alternative routes to national certification for paramedic candidates, with the exception of the letter of review pathway for programs in the accreditation process."	"Foundations of Education, page 535"
Chapter 26	INST-3E-857	An EMS instructor is developing orientation materials for new faculty and needs to explain the relationship between recognition and accreditation. Which statement BEST describes the roles of the Council for Higher Education Accreditation (CHEA) and the U.S. Department of Education (USDE)?	Single	"CHEA and USDE recognize accrediting organizations by reviewing their quality and standards, but they do not directly accredit individual educational institutions or programs."	CHEA and USDE directly accredit educational institutions and programs after conducting comprehensive site visits and reviewing compliance with federal educational standards and requirements.	"CHEA and USDE perform identical functions in the accreditation process, with both organizations using the same criteria to accredit institutions seeking federal student aid eligibility."	"CHEA recognizes institutional accrediting bodies while USDE directly accredits programmatic accreditors, creating a two-tiered system for ensuring educational quality and accountability standards."			A	1	Administrative Issues	Types of Accreditation	"CHEA and USDE serve as recognition bodies that evaluate and approve accrediting organizations, ensuring these accreditors maintain appropriate standards and processes. This is a critical distinction from accreditation itself. Distractor B reflects the common misconception that CHEA and USDE directly accredit institutions; this statement would accurately describe the role of organizations like CoAEMSP or regional accreditors. Distractor C contains two errors: CHEA and USDE have different scopes (CHEA is non-governmental, USDE is federal), and this statement would be more appropriate when comparing two accrediting bodies at the same organizational level. Distractor D incorrectly splits their functions; this type of divided responsibility would be accurate when describing the difference between institutional and programmatic accreditation, not recognition bodies."	"Foundations of Education, page 533"
